,4. close,1. open,2. high,3. low,6. volume,SMA_10,EMA_10,SMA_20,EMA_20,SMA_30,EMA_30,SMA_50,EMA_50,SMA_100,EMA_100,SMA_200,EMA_200,HMA_9,RSI_14,MACD_12_26_9,MACDh_12_26_9,MACDs_12_26_9,STOCHRSIk_14_14_3_3,STOCHRSId_14_14_3_3,WILLR_14,CCI_20_0.015,MOM_10,BULLP_13,BEARP_13,BBL_5_2.0,BBM_5_2.0,BBU_5_2.0,BBB_5_2.0,BBP_5_2.0,UO_7_14_28
2022-07-08,147.04,145.265,147.55,145.0,64547798.0,,,,,,,,,,,,,,,,,,,,,,,,,,,,,,
2022-07-11,144.87,145.67,146.64,143.78,63305113.0,,,,,,,,,,,,,,,,,,,,,,,,,,,,,,
2022-07-12,145.86,145.76,148.45,145.05,77588759.0,,,,,,,,,,,,,,,,,,,,,,,,,,,,,,
2022-07-13,145.49,142.99,146.45,142.1201,71185560.0,,,,,,,,,,,,,,,,,,,,,,,,,,,,,,
2022-07-14,148.47,144.08,148.95,143.25,78140744.0,,,,,,,,,,,,,,,,,,,,,,,,,143.79405642695613,146.346,148.89794357304388,3.4875481025021133,0.9161534021433241,
2022-07-15,150.17,149.78,150.86,148.2,76259931.0,,,,,,,,,,,,,,,,,,,,,,,,,142.9398809541384,146.972,151.00411904586161,5.486921380754981,0.8965656722464915,
2022-07-18,147.07,150.74,151.57,146.7,81420868.0,,,,,,,,,,,,,,,,,,,,,,,,,143.95417640704449,147.412,150.86982359295553,4.6913732843398375,0.45054692774137534,
2022-07-19,151.0,147.92,151.23,146.91,82982367.0,,,,,,,,,,,,,,,,,,,,,,,,,144.42734003434134,148.44,152.45265996565865,5.406440266314546,0.8189903981285631,
2022-07-20,153.04,151.12,153.72,150.37,64823413.0,,,,,,,,,,,,,,,,,,,,,,,,,145.8333217274118,149.95,154.06667827258818,5.490734608320359,0.8753025856520597,
2022-07-21,155.35,154.5,155.57,151.94,65086636.0,148.83599999999998,148.83599999999998,,,,,,,,,,,,,,,,,,,,,,,145.76279804429143,151.326,156.88920195570856,7.352605574334304,0.8616622254626993,
2022-07-22,154.09,155.39,156.28,153.41,66675408.0,149.541,149.7912727272727,,,,,,,,,,,155.31359259259258,,,,,,,,,7.050000000000011,,,146.3192073081486,152.10999999999999,157.90079269185136,7.613953969957768,0.6709610501845639,
2022-07-25,152.95,154.01,155.04,152.28,53623945.0,150.349,150.3655867768595,,,,,,,,,,,155.609037037037,,,,,,,,,8.079999999999984,,,150.41466302917982,153.286,156.15733697082018,3.746378626645853,0.44149067082432397,
2022-07-26,151.6,152.265,153.085,150.8,55138691.0,150.923,150.59002554470322,,,,,,,,,,,154.48766666666666,,,,,,,,,5.739999999999981,3.3157692307692628,1.0307692307692662,150.89992418311044,153.406,155.91207581688957,3.2672461532007393,0.13967570577303134,
2022-07-27,156.79,152.58,157.33,152.16,78620688.0,152.053,151.71729362748445,,,,,,,,,,,154.47385185185183,,,,,,,-3.550319199994878,,11.299999999999983,6.557802197802232,1.3878021978022161,150.53876127412107,154.156,157.77323872587894,4.692958724770926,0.864089876230102,
2022-07-28,157.35,156.98,157.64,154.41,81378731.0,152.94099999999997,152.7414220588509,,,,,,,,,,,155.582,69.96345374309503,,,,,,-1.8685687407779206,,8.879999999999995,5.928116169544751,2.698116169544761,150.14405983721468,154.55599999999998,158.96794016278528,5.709180054847822,0.8166407404578366,
2022-07-29,162.51,161.24,163.63,159.5,101786860.0,154.17499999999998,154.51752713905984,,,,,,,,,,,158.65918518518518,76.74939617041272,,,,,,-5.206904727590578,,12.340000000000003,10.375528145324068,6.245528145324073,148.58748668736885,156.24,163.89251331263117,9.795843974182228,0.9096693297906968,
2022-08-01,161.51,161.01,163.59,160.89,67829379.0,155.61899999999997,155.78888584104894,,,,,,,,,,,161.5585925925926,73.29350050422117,,,,,,-9.855926805796422,,14.439999999999998,9.156166981706349,6.456166981706332,150.18049924403297,157.952,165.72350075596702,9.840332197081425,0.7289133149262148,
2022-08-02,160.01,160.1,162.41,159.63,59907025.0,156.51999999999998,156.5563611426764,,,,,,,,,,,162.84474074074078,68.3237638016567,,,,,,-17.762512266928386,,9.009999999999991,7.179571698605429,4.399571698605428,155.14070544032606,159.634,164.1272945596739,5.629495670939684,0.5418401236560919,
2022-08-03,166.13,160.84,166.59,160.75,82507488.0,157.829,158.29702275309887,,,,,,,,,,,164.478037037037,75.59478486889633,,,,,,-2.3127199597788195,,13.090000000000003,9.80249002737608,3.9624900273760773,155.71237617802382,161.502,167.2916238219762,7.169723993481433,0.8996805442205996,
2022-08-04,165.81,166.005,167.19,164.43,55474144.0,158.875,159.6630186161718,153.8555,153.8555,,,,,,,,,165.87666666666667,74.6301578328243,,,,,,-6.734992679355756,152.1341852898466,10.460000000000008,9.113562880608072,6.353562880608081,158.38524797894576,163.194,168.00275202105422,5.893295122436159,0.7720040447652885,
2022-08-05,165.35,163.21,165.85,163.0,56696985.0,160.00099999999998,160.69701523141327,154.77100000000002,154.9502142857143,,,,,,,,,166.8985185185185,73.18445518855455,,,,,,-9.072978303747547,122.36479654728214,11.259999999999991,6.734482469092626,3.8844824690926316,158.7442331660396,163.762,168.7797668339604,6.128121095199612,0.6582377233286691,
2022-08-08,164.87,166.37,167.81,164.2,60362338.0,161.193,161.45573973479267,155.77100000000002,155.89495578231293,,,,,,,,,167.0202222222222,71.62526551695852,,,,,,-16.857798165137606,116.92705207024488,11.920000000000016,7.872413544936535,4.262413544936521,159.92882786122522,164.434,168.93917213877478,5.479611441398715,0.5483888280591406,
2022-08-09,164.92,164.02,165.82,163.25,63135503.0,162.525,162.08560523755762,156.724,156.75448380304505,,,,,,,,,166.44562962962962,71.69291876417951,,,,,,-16.990005878894866,93.73294057258974,13.319999999999993,5.170640181374154,2.6006401813741604,164.4307000456756,165.416,166.4012999543244,1.1912994563094306,0.2482999984811202,
2022-08-10,169.24,167.68,169.34,166.9,70170540.0,163.77,163.3864042852744,157.9115,157.94358058370742,,,,,,,,,167.03259259259255,76.83256492370681,,,,,,-0.5393743257820605,120.93353073889973,12.450000000000017,7.463405869749266,5.0234058697492685,162.76480217524337,166.03799999999998,169.3111978247566,3.9427092891465905,0.9891241182830318,
2022-08-11,168.49,170.06,170.99,168.19,57149159.0,164.88400000000001,164.31433077886086,158.9125,158.94800148049717,,,,,,,,,168.0807037037037,74.30997057236998,,,,,,-12.382367508667658,115.72978642519851,11.140000000000015,8.168633602642217,5.3686336026422055,162.78811886082104,166.574,170.35988113917898,4.545584712114698,0.7530454509218313,
2022-08-12,172.1,169.82,172.17,169.4,68039382.0,165.84300000000002,165.72990700088613,160.009,160.20057276806887,,,,,,,,,170.1761111111111,78.0462652543331,7.646589088859258,,,,,-0.32756200280764647,124.44358735129693,9.590000000000003,8.023114516550436,5.253114516550454,162.42184623988112,167.924,173.4261537601189,6.5531475668979855,0.8794877589816533,
2022-08-15,173.19,171.52,173.39,171.345,54091694.0,167.01100000000002,167.08628754617956,161.315,161.43766107587183,,,,,,,,,172.40485185185184,79.03760256112787,7.761455286453128,,,,,-0.9420631182288641,129.55783408687788,11.680000000000007,7.951241014186081,5.906241014186094,163.7638104426462,169.58800000000002,175.41218955735386,6.868634051175593,0.8092275727403102,
2022-08-16,173.03,172.78,173.71,171.6618,56377050.0,168.31300000000002,168.16696253778326,162.41649999999998,162.54169335436023,,,,,,,,,173.997962962963,78.4774118829827,7.750237004950293,,,,,-3.523316062176196,121.83058953146646,13.02000000000001,7.186778012159493,5.138578012159485,167.2801959336389,171.21,175.1398040663611,4.590624456937212,0.7315637076640906,65.84473301521804
2022-08-17,174.55,172.77,176.15,172.57,79542037.0,169.155,169.32751480364087,163.49200000000002,163.68534160632592,,,,,,,,,175.16625925925928,79.93254494033135,7.774379525083958,,,,,-9.60960960960957,127.41543737659468,8.420000000000016,8.480095438993828,4.900095438993816,168.17911055610003,172.272,176.36488944389995,4.75165951971297,0.7782875070563106,68.63273164064074
2022-08-18,174.15,173.75,174.9,173.12,62290075.0,169.989,170.20433029388798,164.432,164.68197573905678,159.23333333333332,159.2333333333333,,,,,,,175.56525925925925,78.42978257482031,7.672788855387154,,,93.94209563588663,,-12.106537530266337,114.00909014380997,8.340000000000003,6.304367519137543,4.524367519137542,171.67058256614655,173.404,175.13741743385344,1.9992819471908916,0.7151818671690712,67.7751379812155
2022-08-19,171.52,173.03,173.74,171.3101,70346295.0,170.606,170.44354296772653,165.3035,165.3332161448609,160.04933333333332,160.02602150537632,,,,,,,174.70000000000002,69.21570700855662,7.295955266816861,,,64.91276689225027,,-28.02663438256654,85.19596259081328,6.170000000000016,4.726600730689313,2.2967007306893095,171.18320927406378,173.288,175.39279072593624,2.429240023471015,0.08000575111485693,58.31652450698454
2022-08-22,167.57,169.69,169.86,167.135,69026809.0,170.876,169.92108060995807,166.0345,165.54624317868368,160.806,160.51272979535204,,,,,,,172.08351851851853,58.163536123075474,6.602470771306628,,,31.579433558916946,63.478098695684615,-55.71428571428578,30.873103209421757,2.6999999999999886,1.0528006263050997,-1.672199373694923,167.11173555719932,172.164,177.21626444280065,5.869129949119053,0.04535238089661785,55.237395547014565
2022-08-23,167.23,167.08,168.71,166.65,54147079.0,171.107,169.43179322632932,166.81599999999997,165.70660097119,161.51833333333332,160.94610206661966,,,,,,,169.01233333333337,57.31517827035704,5.956778123584257,,,2.5611164406353715,33.017772297267534,-67.83269961977196,13.523538487066034,2.3100000000000023,0.12811482254721795,-1.9318851774527843,164.7575213119719,171.004,177.25047868802807,7.305652134485833,0.19790979938559605,46.21398372995703
2022-08-24,167.53,167.32,168.11,166.245,53841524.0,170.93599999999998,169.08601263972398,167.353,165.88025802155286,162.25300000000001,161.37086967522487,,,,,,,166.74174074074074,57.898691751739754,5.406941683077207,-1.6894578286470976,7.096399511724305,0.8599785139993922,11.666842837850568,-65.5513307984791,1.2806078129150105,-1.710000000000008,-0.32161586638810036,-2.1866158663881095,164.05660032110347,169.6,175.14339967889651,6.537027923227029,0.313291470946936,44.94222374142215
2022-08-25,170.03,168.78,170.14,168.35,51218209.0,171.08999999999997,169.2576467052287,167.98700000000002,166.27547154330972,162.9716666666667,161.92952324456522,,,,,,,166.56340740740737,62.49934699454456,5.113970777459684,-1.5859429874116966,6.699913764871381,8.500373908437249,3.973822954357338,-47.44186046511629,32.01861286351093,1.539999999999992,1.4800435430958885,-0.30995645690410356,165.3702260791428,168.77599999999998,172.18177392085715,4.035850975087894,0.6840991253589155,48.435237940840906
2022-08-26,163.62,170.57,171.05,163.56,78960980.0,170.24200000000002,168.23262003155074,168.0425,166.02256949156595,163.42000000000002,162.03858626104488,,,,,,,165.78885185185183,48.012314219757435,4.314817267047545,-1.9080771982590692,6.222894465306614,8.500373908437249,5.953575443624629,-97.1317829457364,-41.89381926681413,-8.47999999999999,3.110037322653625,-4.379962677346384,163.09020701934546,167.196,171.30179298065454,4.911353119278621,0.06451774153626337,36.948358575032046
2022-08-29,161.38,161.145,162.9,159.82,72724452.0,169.06099999999998,166.9866891167233,168.036,165.5804200161787,163.897,161.99609682484845,,,,,,,163.90007407407407,44.160114250941625,3.4608386789235226,-2.2096446291064735,5.670483308029996,7.640395394437857,8.213714403770785,-90.4470300061237,-138.23917834136137,-11.810000000000002,-4.1028251520112065,-7.182825152011219,159.8199429784342,165.958,172.0960570215658,7.397120984304221,0.12708068824422805,36.29320713146279
2022-08-30,158.91,162.13,162.56,157.72,77906197.0,167.649,165.51820018640998,167.981,164.94514191939976,164.16066666666666,161.7969938038905,,,,,,,160.8712962962963,40.31865817184799,2.5552903414597097,-2.4921543732562297,5.047444714715939,0.0,5.380256434291702,-93.54313619099295,-168.60768298935525,-14.120000000000005,-3.286707273152473,-8.126707273152476,156.22893856192064,164.294,172.35906143807938,9.817840503097335,0.16621457001063017,34.747740672184605
2022-08-31,157.22,160.305,160.58,157.14,87991091.0,165.916,164.0094365161536,167.5355,164.20941411755217,164.3,161.5017038810589,,,,,,,157.70566666666664,37.8900087731257,1.6818802156238633,-2.692451599273661,4.374331814897524,0.0,2.546798464812619,-99.57916885849546,-174.6923709930482,-17.330000000000013,-4.034320519844982,-7.4743205198450084,153.30486921794036,162.23200000000003,171.1591307820597,11.005388310641134,0.2192827055882079,34.131937059442336
2022-09-01,157.96,156.64,158.42,154.67,74229896.0,164.297,162.90953896776205,167.14299999999997,163.61423182064246,164.38700000000003,161.27320685647445,,,,,,,155.8805925925926,39.60548978863059,1.0374491459162982,-2.669506135184981,3.7069552811012794,1.360115390979525,0.453371796993175,-84.6834264432029,-168.47763901271776,-16.189999999999998,-5.243703302724299,-8.993703302724299,155.09179391054525,159.818,164.54420608945478,5.914485338891442,0.30343641762198825,38.83005234442373
2022-09-02,155.81,159.75,160.362,154.965,76957768.0,162.726,161.61871370089622,166.666,162.87097164724793,164.44433333333333,160.92074189799223,,,,,,,154.76285185185182,36.455034065816385,0.3492202548814305,-2.6861880209758793,3.0354082758573098,1.360115390979525,0.90674359398635,-94.69273743016753,-145.1491799368125,-15.710000000000008,-2.179745688049394,-7.576745688049385,154.53246189760324,158.25600000000003,161.97953810239682,4.70571492063086,0.1715489498515442,34.199166290521376
2022-09-06,154.53,156.47,157.09,153.69,73295539.0,161.422,160.32985666436963,166.149,162.07659339512907,164.49699999999999,160.5084359690895,,,,,,,153.9726296296296,34.68603019653352,-0.2960783948454093,-2.6651893365621753,2.369110941716766,1.360115390979525,1.360115390979525,-96.26001780943899,-145.6864942233784,-13.039999999999992,-4.307210589756636,-7.707210589756642,153.77857405558848,156.88600000000002,159.99342594441157,3.9613808044204646,0.12090810173013156,29.825466162653136
2022-09-07,155.96,154.825,156.67,153.61,87449574.0,160.29500000000002,159.5353372708479,165.701,161.49406069083105,164.6423333333333,160.21498848721276,,,,,,,153.85996296296298,38.28887448677909,-0.6842060731801496,-2.4426536119175326,1.758447538737383,2.7454162742212342,1.8218823520600946,-88.96195396899955,-122.04477028116077,-11.269999999999982,-3.950466219791423,-7.010466219791397,153.9143165617567,156.296,158.6776834382433,3.0476575705626505,0.4294616583789545,37.017174165450626
2022-09-08,154.46,154.64,156.36,152.68,84923847.0,158.988,158.61254867614826,164.96200000000002,160.82415014884714,164.56466666666665,159.8436989073926,,,,,,,153.79277777777781,36.042928113036496,-1.100155609503048,-2.286882518592345,1.186726909089297,4.055301993578741,2.7202778862598334,-91.54795821462488,-113.0954019454555,-13.069999999999993,-3.3803996169640698,-7.060399616964077,153.20091211319723,155.744,158.28708788680277,3.265728229405648,0.24755099761529106,37.32763672408281
2022-09-09,157.37,155.47,157.82,154.75,68081006.0,157.722,158.3866307350304,164.406,160.49518346800454,164.56533333333334,159.6841054294963,,,,,,,154.71585185185188,43.02518923981028,-1.181367860359984,-1.8944758155594248,0.7131079551994407,14.049506213375475,6.950074827058483,-74.4692433315188,-80.05408128475092,-12.659999999999997,-1.5817711002549402,-4.651771100254933,153.4816642054,155.62600000000003,157.77033579460007,2.7557552010589985,0.9066527277098552,43.967800411775784
2022-09-12,163.43,159.59,164.26,159.3,104955962.0,157.703,159.30360696502487,163.9725,160.77468980438505,164.596,159.92577604694816,,,,,,,157.78062962962966,54.23099943208501,-0.7481140072096082,-1.1689775699272391,0.4208635627176309,34.728084252733275,17.610964153229162,-41.48067501360916,-18.63864126615871,-0.18999999999999773,4.282767628352872,-0.6772323716471078,150.51654539474328,157.15,163.78345460525674,8.442194852378913,0.9733581801421667,55.37408338806092
2022-09-13,153.84,159.9,160.54,153.37,122656614.0,156.949,158.3102238804749,163.005,160.11424315634838,164.34033333333335,159.53314533424185,,,,,,,158.5128888888889,40.616691219496204,-1.1651588344312813,-1.2688179177191299,0.10365908328784851,40.525898136450785,29.767829534186514,-93.68535655960808,-78.31796546826584,-7.539999999999992,1.4395151100167425,-5.730484889983245,150.14178137174648,157.012,163.88221862825353,8.75120198233705,0.2691485401239444,42.025852445371235
2022-09-14,155.31,154.785,157.1,153.6106,87965409.0,156.589,157.76472862947946,162.119,159.6566961890771,164.18366666666668,159.26068434493595,,,,,,,157.87651851851854,42.97967671759789,-1.3613602365630015,-1.1720154558806801,-0.18934478068232147,40.471352895235434,38.57511176147316,-85.68317909635277,-78.34352553069327,-3.5999999999999943,-1.458987048557077,-4.948387048557066,149.9131848926807,156.882,163.8508151073193,8.884148732575186,0.3872118160841331,44.72989608026324
2022-09-15,152.37,154.65,155.24,151.38,90481110.0,156.10399999999998,156.78386887866503,161.01000000000002,158.96272512345072,163.725,158.81612406461753,,,,,,,155.40162962962964,39.58684561758462,-1.7340951215771554,-1.235800272715867,-0.4982948488612883,25.405545901690175,35.467598977792136,-94.96695475343158,-98.15540177104883,-4.849999999999994,-2.4348460416203466,-6.29484604162036,148.75302496437692,156.464,164.17497503562308,9.856548516749001,0.23453422031023463,43.44483827566012
2022-09-16,150.7,151.21,151.35,148.37,162278841.0,155.378,155.67771090072594,159.8375,158.1757989212173,163.22133333333335,158.29250315722285,159.475,159.475,,,,,152.40370370370368,37.76327505924246,-2.1395814830944744,-1.3130293073865489,-0.8265521757079255,23.545991103590612,29.807629966838743,-85.33668974197617,-124.68936207276698,-7.260000000000019,-5.328439464246031,-8.308439464246021,146.28335091687237,155.13000000000002,163.97664908312768,11.40546520096391,0.24962271260149013,44.49623198473015
2022-09-19,154.48,149.31,154.56,149.1,81474246.0,155.245,155.45994528241212,158.9855,157.82381807157756,162.85899999999998,158.0465352115956,159.6238,159.27911764705883,,,,,151.3845185185185,44.04619221259867,-2.1313490713704937,-1.0438375165300544,-1.0875115548404393,29.56979549889779,26.173777501392863,-61.54814348646953,-88.12826446473841,-1.3300000000000125,-1.8043766836394468,-7.264376683639455,150.0730748401586,153.34,156.6069251598414,4.261021468424946,0.674475989534962,50.46733764952837
2022-09-20,156.9,153.4,158.08,153.08,107689796.0,155.482,155.72177341288264,158.452,157.735835398094,162.59333333333333,157.97256519794428,159.86440000000002,159.18581891580163,,,,,152.57255555555554,47.687272189468274,-1.9075618647905515,-0.6560402479600898,-1.2515216168304617,43.3848194986104,32.16686870036627,-46.31843926998107,-38.34732721559964,2.3700000000000045,1.6391056997376268,-3.3608943002623732,149.58010064159703,153.952,158.32389935840297,5.679561627524125,0.8371532323055231,51.54433994219034
2022-09-21,153.72,157.34,158.74,153.6,101696790.0,155.25799999999998,155.35781461054032,157.7765,157.3533748839898,162.22,157.69820615291562,160.0216,158.9714730759663,,,,,153.88240740740738,43.666195432329324,-1.964166624708895,-0.5701160063027464,-1.3940506184061485,53.45206545151388,42.13556014967403,-66.33102580239145,-44.203360293031395,-2.240000000000009,2.687804885489385,-2.45219511451063,149.47747067855832,153.63400000000001,157.7905293214417,5.410949817672774,0.510345169412898,43.32131199229134
2022-09-22,152.74,152.38,154.47,150.91,86264792.0,155.08599999999998,154.8818483177148,157.037,156.91400584741933,161.67000000000002,157.37832188498558,160.1666,158.72710158279116,,,,,154.24048148148145,42.47746837781283,-2.0643080562722105,-0.5362059502928496,-1.528102105979361,50.77665604755604,49.204513665893444,-72.49842668344866,-88.19943645309763,-1.7199999999999989,-1.109024383866256,-4.669024383866258,149.63171934234106,153.708,157.78428065765894,5.303927782104954,0.38126430914647524,49.90797209384385
2022-09-23,150.43,151.19,151.47,148.56,96029909.0,154.392,154.07242135085755,156.057,156.29648148099844,161.06800000000004,156.9300430536962,160.2058,158.4017250501327,,,,,152.9911111111111,39.73181455196412,-2.3035150689640034,-0.6203303703877139,-1.6831846985762895,37.20887202834236,47.14586450913743,-87.03587161736938,-142.11241922540682,-6.939999999999998,-3.3734494718853796,-6.283449471885376,149.41581925821887,153.654,157.89218074178112,5.516525104170567,0.11964812304759287,50.1423086796583
2022-09-26,150.77,149.66,153.7701,149.64,93339409.0,153.126,153.47198110524707,155.4145,155.77014991137955,160.357,156.53262092119968,160.2178,158.1024417148334,,,,,151.3262592592593,40.3430378639121,-2.437554579546287,-0.6034959047759978,-1.8340586747702892,29.774305420615928,39.25327783217145,-84.8961611076148,-110.67895529166744,-12.659999999999997,-0.491428118758904,-4.621528118758931,148.23566981490774,152.91199999999998,157.58833018509222,6.116367826059748,0.2709742559637374,50.03809515352162
2022-09-27,151.76,152.74,154.72,149.945,84442741.0,152.918,153.16071181338395,154.9335,155.38823087220052,159.64266666666668,156.2247098940255,160.3116,157.8537185103301,,,,,150.46285185185187,42.18176622798446,-2.4358185313751903,-0.481407885283921,-1.9544106460912694,27.736918636634915,31.573365361864404,-78.66582756450605,-81.9648072757232,-2.0800000000000125,0.8158330410637689,-3.959166958936237,149.4387400956124,151.884,154.32925990438758,3.2199045381838745,0.4746448220539873,47.74092608624771
2022-09-28,149.84,147.64,150.6414,144.84,146691387.0,152.371,152.55694602913232,154.48,154.85982793199094,158.86966666666666,155.81279312666902,160.2884,157.5394550393368,,,,,149.88477777777777,39.63060524845684,-2.5598621570944147,-0.48436120880251643,-2.0755009482918982,22.911269174935143,26.807497744062,-74.25334706488155,-159.961811314935,-5.469999999999999,-2.682171679088185,-8.483571679088186,149.05465541128478,151.108,153.16134458871522,2.7177179086682632,0.1912354587318951,46.76309525712882
2022-09-29,142.48,146.1,146.72,140.68,128138237.0,151.382,150.72477402383552,153.743,153.68079670037275,157.80066666666664,154.95261292494845,160.0772,156.9488881750491,,,,,147.3729259259259,31.71273952180855,-3.214997622748001,-0.911597339564882,-2.303400283183119,15.030445024782644,21.89287761211757,-92.36641221374052,-234.97191967208212,-9.890000000000015,-5.054490010647015,-11.094490010647007,142.36297557153662,149.05599999999998,155.74902442846334,8.980550167002148,0.008742268141566775,39.19840515296547
2022-09-30,138.2,141.28,143.1,138.0,124925274.0,150.132,148.44754238313814,152.75500000000002,152.20643510986108,156.60233333333332,153.871799187855,159.7342,156.2136376583805,,,,,142.8435185185185,28.186085682052042,-4.033066746861238,-1.3837331709424947,-2.649333575918743,3.7797778388329317,13.907164012850245,-99.11268855368239,-248.97685577697257,-12.5,-6.735277151983155,-11.83527715198315,135.94994371496992,146.60999999999999,157.27005628503005,14.542058911438602,0.10553679196749773,37.35289714637737
2022-10-03,142.45,138.21,143.07,137.685,114311663.0,148.929,147.35708013165848,152.08700000000002,151.27725081368382,155.63333333333333,153.13490891767083,159.5014,155.67388716197343,,,,,139.6296296296296,35.81860747527512,-4.289011881173735,-1.311742644203994,-2.9772692369697413,13.046251981164422,10.618824948260004,-77.36879601044889,-182.264133738564,-12.030000000000001,-5.710237558842721,-11.095237558842712,134.81874884284932,144.946,155.07325115715068,13.97382633139332,0.37676813968232503,43.40419246652579
2022-10-04,146.1,145.03,146.22,144.26,87830064.0,147.849,147.12852010772056,151.6655,150.7841793076187,154.91766666666666,152.68104382620822,159.36440000000002,155.2984406066019,,,,,139.65514814814813,41.56290215690253,-4.149492976362467,-0.9377789915141803,-3.2117139848482865,35.91121367595384,17.579081165317067,-60.033246259795824,-94.13516332814353,-10.800000000000011,-2.177346479008065,-4.137346479008073,135.98096636034222,143.814,151.64703363965776,10.893283880092023,0.6459204763545403,47.145379662308976
2022-10-05,146.4,144.075,147.38,143.01,79470968.0,147.11700000000002,146.9960619063168,151.1875,150.36663842117883,154.22333333333333,152.2758151922593,159.2604,154.94948215144106,,,,,142.0873333333333,42.022208367842666,-3.968963999927837,-0.6058000120636402,-3.363163987864197,59.561266422793615,36.17291069330396,-58.60840655426265,-81.86885838762723,-7.319999999999993,-0.7320112677212194,-5.102011267721224,137.14579799672197,143.126,149.10620200327804,8.356555766636443,0.7737365726279283,51.14449566634797
2022-10-06,145.43,145.81,147.54,145.22,68402169.0,146.38600000000002,146.71132337789555,150.736,149.89648238106656,153.48666666666665,151.8341496959845,159.0332,154.57616912589435,,,,,144.6407777777778,40.90276655316036,-3.859672477081034,-0.3972067913734696,-3.4624656857075644,68.25160786424344,54.57469598766363,-63.21538826881975,-66.80533334606652,-7.310000000000002,-0.1888668009039236,-2.508866800903917,137.52865032505753,143.71599999999998,149.90334967494243,8.610523080161505,0.6385084155613016,50.398819943162344
2022-10-07,140.09,142.54,143.1,139.445,85925559.0,145.352,145.50744640009637,149.872,148.96253167810787,152.48866666666666,151.07646261882422,158.688,154.0080840621338,,,,,144.43781481481486,35.32390518256418,-4.156043250040597,-0.5548620514664253,-3.6011811985741713,57.58730465724681,61.800059648094624,-88.57753502730942,-123.89390160716103,-10.340000000000003,-3.5376001150605134,-7.1926001150605146,139.20635680516568,144.094,148.9816431948343,6.783964904623803,0.09039563237433451,42.01209699829885
2022-10-10,140.42,140.42,141.89,138.5729,74899002.0,144.317,144.58245614553337,148.72150000000002,148.1489572325738,151.71533333333335,150.38894890148075,158.24620000000002,153.4752180204815,,,,,142.613,35.90569975168758,-4.314555471019844,-0.5706994179565381,-3.743856053063306,50.55990337340728,58.799605298299184,-87.01021135122306,-117.5490129611259,-10.350000000000023,-3.859371527194753,-7.176471527194735,138.04298945970777,143.688,149.3330105402922,7.857316603045793,0.21054084162694675,46.207332848021814
2022-10-11,138.98,139.9,141.35,138.22,77033672.0,143.039,143.5638277554364,147.9785,147.2757232104239,150.96866666666665,149.65288768203038,157.7956,152.90677809810967,,,,,140.14888888888888,34.449432184184005,-4.504449029097373,-0.6084743808272535,-3.895974648270119,43.43198856379115,50.526398864815086,-92.39800410918704,-113.33167092992717,-12.780000000000001,-3.4323184518812297,-6.562318451881225,136.19497569620853,142.26399999999998,148.33302430379143,8.53205913483587,0.22944580251982138,50.000453078881115
2022-10-12,138.34,139.13,140.36,138.16,70433744.0,141.88899999999998,142.6140408908116,147.13,146.42470195228827,150.283,148.9230239606091,157.3622,152.3355318981838,,,,,138.1928888888889,33.793419721284856,-4.652947411874948,-0.6055782108838628,-4.047369200991085,44.586245832161154,46.19271258978653,-96.15497505136483,-108.10936632469881,-11.5,-3.5019872444696034,-5.7019872444696205,135.6448147627622,140.652,145.65918523723778,7.119963082270842,0.26913176860265353,42.749277301985
2022-10-13,142.99,134.99,143.59,134.37,113223975.0,141.94,142.6823970924822,146.661,146.09758748064178,149.80866666666665,148.54024822121497,156.89939999999999,151.9690404511962,,,,,138.58444444444444,42.37897973418806,-4.345327085995564,-0.23836630800358272,-4.106960777991981,61.29692770249423,49.77172069948218,-57.6412776412776,-81.99515442923159,0.5100000000000193,-0.14741763811682063,-9.36741763811682,136.96573547060095,140.16400000000002,143.36226452939908,4.563603392310534,0.9418021045512109,50.24357508931167
2022-10-14,138.38,144.31,144.52,138.19,88597969.0,141.958,141.90014307566724,146.04500000000002,145.36257914915208,149.15599999999998,147.8847483359753,156.3508,151.4361369040905,,,,,138.87133333333333,37.22508206003119,-4.422543900922051,-0.2524664983440559,-4.170077402577995,67.91717380063537,57.933449111763586,-80.29484029484033,-74.43663611776266,0.18000000000000682,1.5479277387570107,-4.782072261243002,136.3144675340045,139.822,143.3295324659955,5.017139600342572,0.2944423873506836,41.8361576959827
2022-10-17,142.41,141.065,142.9,140.27,85250939.0,141.954,141.99284433463683,145.4415,145.08138113494712,148.70933333333335,147.5315387659124,155.892,151.08217075098892,,,,,140.13214814814816,43.67394882464198,-4.111160563318293,0.04713347140776136,-4.158294034726055,87.89559137780593,72.36989762697851,-50.58814853055058,-49.789232934231066,-0.03999999999999204,0.00822377607744329,-2.621776223922552,136.12838907030346,140.22,144.31161092969654,5.835987633285613,0.7676207534916352,47.76829257562745
2022-10-18,143.75,145.49,146.7,140.61,99136610.0,141.719,142.31232718288467,144.784,144.9545829316188,148.35,147.28756852295032,155.46959999999999,150.794634643107,,,,,141.7828888888889,45.67243845327624,-3.7134538394029164,0.35587215625851076,-4.069325995661427,87.89559137780593,81.23611885208241,-28.77752467729685,-18.090838665163577,-2.3499999999999943,3.685620379494935,-2.40437962050504,136.500729624769,141.174,145.847270375231,6.62058222509952,0.7756099897036947,51.21793396190229
2022-10-19,143.86,141.69,144.9492,141.5,61758340.0,141.465,142.593722240542,144.291,144.85033693813128,147.9466666666667,147.06643506985677,155.04840000000002,150.52268818651459,,,,,143.36411111111113,45.84231181484844,-3.3507667612423973,0.5748473875352245,-3.9256141487776217,100.0,91.93039425187062,-27.942293090356728,-14.736027588670538,-2.539999999999992,1.814017468138502,-1.6351825318614885,138.23935864429492,142.278,146.31664135570506,5.6771129137393945,0.6958579458615775,53.306166794099695
2022-10-20,143.39,143.02,145.89,142.65,64521989.0,141.261,142.73850001498892,143.8235,144.71125722973784,147.57766666666666,146.82924571051117,154.5314,150.24297492429832,,,,,144.34759259259258,45.192096176300296,-3.065917719820419,0.6877571431657623,-3.7536748629861814,98.20117447729076,95.36558861836556,-31.511009870918826,2.870130986406274,-2.0400000000000205,2.718414972690141,-0.5215850273098397,138.25084721491746,142.358,146.46515278508255,5.7701748901818615,0.625634478920321,53.48756082061341
2022-10-21,147.27,142.87,147.8479,142.649,86548609.0,141.97899999999998,143.56240910317274,143.6655,144.95494701738187,147.24099999999999,146.85768147112336,154.107,150.12638767236507,,,,,145.68796296296296,51.32938152328073,-2.498290491130035,1.004307497484917,-3.5025979886149523,98.20117447729076,98.8007829848605,-4.287759962605442,50.84467105597408,7.180000000000007,4.090827119448704,-1.1080728805513047,140.8396116733597,144.136,147.43238832664028,4.573997234057117,0.9753687505006765,58.344970132294236
2022-10-24,149.45,147.185,150.23,146.0,75981918.0,142.882,144.63288017532312,143.59949999999998,145.38304730144074,146.775,147.02492782782508,153.654,150.09986266560568,,,,,147.65707407407407,54.417811423089326,-1.8511946225990528,1.32112269281272,-3.1723173154117728,98.20117447729076,98.20117447729076,-4.918032786885263,118.4811598897409,9.030000000000001,5.6596518166702765,1.4296518166702867,140.7331855159433,145.544,150.35481448405673,6.6108042709513555,0.9059603641903732,54.72573138403019
2022-10-25,152.34,150.09,152.49,149.36,74732290.0,144.21800000000002,146.03417468890072,143.62849999999997,146.04561422511304,146.725,147.36783570990087,153.237,150.1877111885231,,,,,150.4354814814815,58.20423499018077,-1.0925731344611052,1.6637953447605343,-2.7563684792216394,100.0,98.80078298486052,-0.8278145695364558,188.25069986858526,13.360000000000014,6.8097015571459565,3.679701557145961,140.50096575958906,147.262,154.02303424041094,9.182320273269324,0.8755342614336,63.873035079580724
2022-10-26,149.35,150.96,151.99,148.04,88436172.0,145.31900000000002,146.6370520181915,143.60399999999998,146.36031763224514,146.52633333333333,147.49571727700405,152.7634,150.15485976936534,,,,,151.98137037037043,53.273587091982584,-0.7242791123078973,1.625671493530994,-2.3499506058388913,93.26712655314877,97.15610034347985,-17.328918322295884,144.85913669504498,11.009999999999991,5.785458477553675,1.835458477553658,142.4339490383554,148.35999999999999,154.28605096164458,7.988744893023176,0.5835294875463968,58.81788132344797
2022-10-27,144.8,148.07,149.046,144.13,109180150.0,145.5,146.3030425603385,143.72,146.2117159529837,146.27399999999997,147.32180003332638,152.1684,149.94486526860592,,,,,150.71507407407412,46.77934553927939,-0.7904387346972044,1.2476094969133498,-2.038048231610554,77.66626913940111,90.31113189751663,-42.439293598233974,52.027371025843,1.8100000000000023,3.042107266474545,-1.8738927335254516,143.62421722271594,148.642,153.65978277728405,6.751500622010004,0.11716158605021149,54.70273490595381
2022-10-28,155.74,148.2,157.5,147.82,164762371.0,147.23600000000002,148.0188530039133,144.59699999999998,147.11917157650907,146.442,147.86490970859566,151.80020000000002,150.17212545415077,,,,,151.25907407407408,59.548044038608104,0.039441204851925704,1.661991549169984,-1.6225503443180582,77.66626913940111,82.86655494398367,-7.609165585819245,186.26079302268474,17.360000000000014,10.10523479983533,0.425234799835323,143.0903822899626,150.336,157.58161771003742,9.63923173429838,0.8729150650960922,61.68626723168186
2022-10-31,153.34,153.155,154.24,151.92,97943171.0,148.329,148.98633427592907,145.1415,147.71163142636536,146.40400000000002,148.21814134029918,151.43660000000003,150.29635582849778,,,,,152.3722962962963,56.35379903965089,0.4977295768080694,1.6962239369009022,-1.1984943600928328,80.26494004512047,78.5324927746409,-17.985300475572842,151.28627392499584,10.930000000000007,5.995915542716006,3.675915542715984,143.58611477239407,151.11399999999998,158.64188522760588,9.963187034432162,0.6478502881418107,62.43151731685174
2022-11-01,150.65,155.08,155.45,149.13,80379345.0,149.019,149.28881895303286,145.369,147.9914760524258,146.19566666666665,148.37503544737666,151.0982,150.31022422738022,,,,,153.0845925925926,52.92688820174448,0.6365283915679072,1.468018201328592,-0.8314898097606849,85.97888394022625,81.30336437491594,-29.615218331171622,109.92339922407373,6.900000000000006,6.862213322327989,0.5422133223279957,143.34755090210567,150.776,158.20444909789435,9.853622722309046,0.4915190911090903,56.307222348059305
2022-11-02,145.03,148.945,152.17,145.0,93604623.0,149.136,148.5144882342996,145.3005,147.70943071409954,145.90599999999998,148.15922670883623,150.6542,150.1031566106202,,,,,151.1224074074074,46.556980611041695,0.2897009285840966,0.8969525906758251,-0.6072516620917285,66.58022851084705,77.60801749873126,-64.57793889176591,33.973436187372286,1.1699999999999875,4.090468561995408,-3.0795314380045795,141.13804399372736,149.912,158.68595600627265,11.705475220492877,0.22179026219701892,46.40072580892807
2022-11-03,138.88,142.06,142.8,138.75,97918516.0,148.685,146.76276310079055,144.973,146.86853255085197,145.444,147.5605669211694,150.0812,149.66303282196841,,,,,145.88325925925926,40.77386195507379,-0.47592971538995243,0.10505755736142097,-0.5809872727513734,37.381097718645556,63.31340338990629,-99.30666666666669,-77.63451076109773,-4.509999999999991,-3.9653126611467826,-8.015312661146794,136.56934612714022,148.728,160.8866538728598,16.350188092167965,0.09502095778947833,40.89543763760613
2022-11-04,138.38,142.09,142.67,134.38,140814796.0,147.796,145.23862435519226,144.8875,146.06010087934226,145.04233333333332,146.96827228109396,149.44819999999999,149.22056094659712,,,,,140.2735185185185,40.33518889601073,-1.1102451234563375,-0.4234062805639712,-0.6868388428923663,13.934677903954102,39.298668044482234,-82.69896193771626,-99.5326048241801,-8.890000000000015,-2.8974108524115536,-11.187410852411546,133.17526757187258,145.256,157.33673242812742,16.63371210569948,0.21541460582345573,41.74915521176951
2022-11-07,138.92,137.11,139.145,135.671,83374628.0,146.743,144.0897835633391,144.8125,145.38009127178586,144.64733333333334,146.44902890812017,148.95420000000001,148.8166173800639,,,,,136.54403703703701,41.07255834599852,-1.5514865956057236,-0.6917182021706858,-0.8597683934350377,1.2792987551217674,17.531691459240474,-80.363321799308,-103.82663922426191,-10.530000000000001,-5.472780730638476,-8.946780730638494,132.75382221000206,142.372,151.99017778999797,13.511333394203856,0.3205481290026788,46.084216301074434
2022-11-08,139.5,140.41,141.43,137.49,89908477.0,145.459,143.2552774609138,144.8385,144.82008257923482,144.23866666666666,146.000704462435,148.5166,148.45125983574766,,,,,135.5167037037037,41.90305725529407,-1.8332400385078813,-0.7787773160582747,-1.0544627224496066,3.9994711737908677,6.404482610955579,-77.8546712802768,-80.27549305432368,-12.840000000000003,-2.4566691976901325,-6.39666919769013,135.2027466151238,140.142,145.0812533848762,7.048926638518354,0.43501042060670797,38.79592793453769
2022-11-09,134.87,138.5,138.55,134.5933,74917794.0,144.011,141.73068155892946,144.66500000000002,143.87245566692673,143.73966666666666,145.2825944971166,148.0358,147.91866141081638,,,,,134.8541851851852,37.374735398198915,-2.4024401429068973,-1.0783819363658325,-1.3240582065410649,3.9994711737908677,3.092747034234501,-97.8806228373702,-126.42656281919679,-14.47999999999999,-4.048573598020113,-8.005273598020125,134.79318224799556,138.10999999999999,141.4268177520044,4.803153648547427,0.011580038119070905,36.25503998717954
2022-11-10,146.87,141.24,146.87,139.5,118854028.0,144.21800000000002,142.66510309366956,144.85899999999998,144.15793607960035,143.886,145.38500775536716,147.8288,147.87753743392162,,,,,137.85133333333332,51.88709664573993,-1.8637514481436597,-0.43175459328207566,-1.431996854861584,24.53673496975559,10.845225772445774,-45.977508650519006,-6.951809661158041,2.069999999999993,3.661222630268469,-3.7087773697315356,131.85289821835445,139.708,147.56310178164554,11.245027889090881,0.9558820623263559,49.08398955216849
2022-11-11,149.7,145.82,150.01,144.37,93979665.0,143.61399999999998,143.9441752584569,145.425,144.685751691067,144.26933333333332,145.6633943517951,147.66359999999997,147.94900655416,,,,,143.02855555555553,54.56135727001039,-1.1947075824671174,0.18983141791557334,-1.3845390003826907,47.65336503364451,25.396523725730322,-33.737024221453325,42.84262803974349,-6.0400000000000205,5.873905111658672,0.23390511165868588,131.03303185853395,141.972,152.91096814146607,15.410035980990704,0.8532325855628764,57.25491835317721
2022-11-14,148.28,148.97,150.28,147.43,73374114.0,143.108,144.73250702964654,145.7185,145.02806105382254,144.46366666666668,145.8322076194212,147.513,147.961986689291,,,,,147.8925185185185,52.97038757350594,-0.7701893676781992,0.49147970616359316,-1.2616690738417924,71.09844853204659,47.76284951181557,-39.878892733564,47.79100624964686,-5.060000000000002,5.551918667136022,2.7019186671360274,132.4411750868476,143.844,155.24682491315238,15.85443245898666,0.6945132032538438,60.32923525214818
2022-11-15,150.04,152.215,153.59,148.5613,89868332.0,143.047,145.69750575152898,146.033,145.50538857250612,144.595,146.1036780955876,147.4232,148.043477407358,,,,,151.31766666666667,54.73226040253081,-0.2884136795366885,0.7786043154440832,-1.0670179949807717,75.37560867224295,64.70914074597802,-32.2664359861592,72.90010921939593,-0.6100000000000136,8.10307314325945,3.074373143259436,134.64422285327447,145.952,157.25977714672553,15.495199992772319,0.6807605485567861,59.964578354689934
2022-11-16,148.79,149.13,149.87,147.29,64218266.0,143.423,146.25977743306916,146.27949999999998,145.81820870845792,144.6746666666667,146.27698918619487,147.27980000000002,148.0727528031479,,,,,152.14077777777777,53.20764868163301,-0.007382428946783648,0.8477084528271905,-0.8550908817739742,73.34056643545448,73.271541213248,-37.67301038062286,37.40871902187904,3.759999999999991,3.911205551365242,1.3312055513652297,146.48699666518553,148.73600000000002,150.9850033348145,3.0241546563232693,0.5120053179032809,58.966946635759015
2022-11-17,150.72,146.43,151.48,146.15,80389400.0,144.607,147.07072699069295,146.64600000000002,146.28504597431908,144.851,146.56363504515005,147.205,148.17656641871073,,,,,152.11133333333336,55.27902548178829,0.3668429944948457,0.9775471010150559,-0.6107041065202102,81.34116860035842,76.68578123601861,-22.448979591836693,45.50918987504747,11.840000000000003,4.841033329741606,-0.48896667025837814,147.75961630790763,149.506,151.25238369209237,2.3362054928797042,0.8475753940834987,60.68445543069
2022-11-18,151.29,152.305,152.7,149.97,74829573.0,145.898,147.83786753783968,146.847,146.76170826247917,145.2243333333333,146.86856181643068,147.08339999999998,148.2986618532711,,,,,152.00729629629632,55.89993130749136,0.7013290898466096,1.0496265570934558,-0.3482974672468463,88.5807792424089,81.08750475940725,-19.74371143806358,67.95021315245896,12.909999999999997,5.396599996921367,2.666599996921377,147.55213380675576,149.82399999999998,152.0958661932442,3.0327133079402793,0.8226422410702283,64.8524280936786
2022-11-21,148.01,150.16,150.37,147.715,58724070.0,146.807,147.86916434914156,146.775,146.8805931898621,145.47733333333332,146.9422029895642,146.775,148.28734178059383,,,,,151.0588148148148,51.47135860155503,0.6937460695114055,0.8336348294066015,-0.13988875989519597,90.1437947546204,86.68858086579591,-29.047371160853775,28.834371835521928,9.090000000000003,2.965657140218326,0.3106571402183249,147.34615181993465,149.76999999999998,152.19384818006532,3.2367606063501837,0.13694095726066674,53.869638672765724
2022-11-22,150.18,148.13,150.42,146.925,51804132.0,147.875,148.28931628566127,146.667,147.19482240987523,145.85066666666668,147.15109311926975,146.7018,148.36156367155093,,,,,150.36255555555556,54.064191017091005,0.8530044317045338,0.7943145532797838,0.05868987842474997,88.72830094571464,89.15095831424799,-17.751171264966136,38.22651197343,10.680000000000007,2.619134691615699,-0.8758653083842773,147.35913469006465,149.798,152.23686530993535,3.256205436568381,0.5783151079405305,53.761728923903206
2022-11-23,151.07,149.45,151.83,149.34,58301395.0,149.495,148.79489514281374,146.753,147.56388694226806,146.275,147.40392582125236,146.617,148.4677768609019,,,,,150.21425925925925,55.12323218019937,1.0390558045714329,0.7842927409173464,0.2547630636540866,87.33074644553545,88.73428071529015,-13.118167621030763,60.801697603267314,16.19999999999999,3.5621154499563374,1.0721154499563283,147.8880211328066,150.254,152.61997886719337,3.1493056653312084,0.6724444819255668,58.11253472012812
2022-11-25,148.11,148.305,148.88,147.12,35195860.0,149.61899999999997,148.67036875321125,146.9185,147.61589770967112,146.44566666666668,147.4494789940748,146.5318,148.4537463957685,,,,,149.70455555555554,50.91863305598554,0.936856101779739,0.5456744305005219,0.3911816712792171,86.33619907650736,87.46508215591915,-28.847115551648383,18.651161201343953,1.240000000000009,0.6346703856768272,-1.1253296143231637,146.90152583477504,149.73200000000003,152.562474165225,3.780720440820912,0.2134755688767986,57.70084587330172
2022-11-28,144.22,145.14,146.64,143.38,69346522.0,149.071,147.8612107980819,146.34250000000003,147.29247888017863,146.64033333333333,147.24112551058613,146.4022,148.2877171253462,152.9386,152.93859999999998,,,147.84333333333333,45.957417356715084,0.535795296438323,0.11569090012728472,0.4201043963110383,71.74926623097404,81.80540391767228,-49.32435633557408,-24.68373091917551,-5.47999999999999,-1.0302825265627291,-4.29028252656272,143.58747952123582,148.318,153.0485204787642,6.378889249806754,0.06685527328373586,52.25749380098711
2022-11-29,141.17,144.29,144.81,140.355,83763803.0,148.35999999999999,146.64462701661247,145.73399999999998,146.70938565349493,146.599,146.84943999377413,146.136,148.0085909635679,152.8799,152.70555841584158,,,144.53111111111113,42.46387571268968,-0.027836904856940237,-0.35835304093438286,0.3305161360774426,48.97063808673289,69.01870113140477,-65.37977648749526,-57.007138631319876,-7.110000000000014,-1.9316707370537642,-6.386670737053777,139.4873355964502,146.95,154.41266440354977,10.156739576114026,0.11273884986368829,43.916797565066744
2022-11-30,148.03,141.395,148.72,140.55,111380880.0,148.159,146.89651301359203,145.603,146.83515844840016,146.74166666666665,146.92560515546614,145.9586,148.00943053362408,152.9115,152.6129731006764,,,143.40303703703705,51.41054349060321,0.07812461156251516,-0.20191321961194197,0.28003783117445713,46.79607993445003,55.83866141738565,-39.46061036195885,4.413249227031163,-2.009999999999991,1.7942822253824602,-6.375717774617527,139.62517875503585,146.52,153.41482124496417,9.411440410816493,0.6095024763044339,54.35538452375534
2022-12-01,148.31,148.21,149.13,146.61,71250416.0,148.111,147.15351064748438,145.767,146.97561954855252,146.89,147.0149209518877,145.85039999999998,148.0212175715212,152.936,152.5277657125442,,,144.36777777777777,51.740398464806034,0.18258876703004034,-0.07795925131553344,0.2605480183455738,54.366824022606544,50.044514014596494,-39.89421987155267,40.52063093629019,-0.47999999999998977,2.0065276217563905,-0.5134723782435913,140.28284177880596,145.968,151.65315822119402,7.78959528279353,0.7059749182766045,55.79558364284717
2022-12-02,147.81,145.96,148.0,145.65,65447446.0,147.82,147.27287234794176,146.2135,147.0550843534523,147.03733333333332,147.06621637434654,145.7518,148.01293452950074,152.9592,152.4343446093255,,,146.34225925925924,51.07363101973907,0.222467079524165,-0.030464751057127037,0.25293183058129204,66.56950185951092,55.91080193885583,-43.67208160181334,22.291131898261163,-2.9099999999999966,0.7784522472197466,-1.5715477527802477,140.30885149330635,145.90800000000002,151.50714850669368,7.674902687575274,0.6698472542500155,53.73817435202834
2022-12-05,146.63,147.77,150.9199,145.77,68826442.0,147.35399999999998,147.1559864664978,146.626,147.01460012931398,147.016,147.03807338245323,145.67579999999998,147.95870180285365,152.9408,152.31940709230918,,,147.56040740740738,49.4539037868394,0.15704448014466266,-0.07670988034930354,0.2337543604939662,61.71530019306147,60.88387535839298,-52.587835285228564,28.05667256546016,-4.659999999999997,3.782859069045486,-1.3670409309545164,141.0459640719762,146.39000000000001,151.73403592802384,7.301094238710059,0.5224549388544932,48.64022709226761
2022-12-06,142.91,147.075,147.3,141.92,64727186.0,146.844,146.38398892713457,146.82549999999998,146.62368583128406,146.79800000000003,146.77174606745626,145.5186,147.76071349685938,152.8682,152.13308219939216,,,146.53451851851852,44.646823947004734,-0.19275435959875153,-0.34120697607417416,0.14845261647542266,44.116944614792516,57.467248889121635,-79.30336168489262,-57.944073601805485,-5.099999999999994,0.766822059181834,-4.61317794081819,142.7425145476414,146.738,150.7334854523586,5.445740642994444,0.020959337026208114,46.994140419730726
2022-12-07,140.94,142.19,143.37,140.0,69721094.0,145.92000000000002,145.39417275856465,146.89749999999998,146.0823824187808,146.418,146.3955043856849,145.3022,147.49323453619823,152.8069,151.911437007325,,,143.98007407407405,42.30179851147991,-0.6217676458980179,-0.6161762098987524,-0.005591435999265454,22.757116088975142,42.863120298943045,-92.59842519685041,-123.31797418692102,-9.240000000000009,-2.3641525207013103,-5.734152520701315,139.53389250013353,145.32,151.10610749986645,7.963263831360392,0.12150720496455666,47.96637926918635
2022-12-08,142.65,142.36,143.52,141.1,62128338.0,145.078,144.89523225700742,147.2865,145.7554888550874,146.19466666666665,146.15385894144714,145.15839999999997,147.3033037700728,152.7234,151.72804221510071,,,141.89744444444446,45.00213204394257,-0.8143932389142776,-0.6470414423320097,-0.1673517965822679,12.035020862067986,26.303027188611882,-79.13385826771648,-126.19887738286496,-8.419999999999987,-1.7735593034582564,-4.193559303458272,139.0010563912828,144.18800000000002,149.37494360871725,7.194695271058935,0.3517431346838596,50.14270317988798
2022-12-09,142.16,142.34,145.57,140.9,76097011.0,144.483,144.39791730118787,147.051,145.4130613450791,146.10666666666668,145.8961906226441,145.15200000000002,147.10160558301112,152.6146,151.5385760326235,,,140.82818518518522,44.36144568505516,-0.995118210777008,-0.6622131313557921,-0.33290507942121594,11.974071387210055,15.588736112751059,-81.74133558748949,-107.42521327782877,-5.950000000000017,0.7240920256072059,-3.9459079743927816,139.2380649220158,143.058,146.87793507798418,5.340400506066328,0.3824587353361671,40.14694881185617
2022-12-12,144.49,142.7,144.5,141.06,70462654.0,144.51,144.4146596100628,146.7905,145.32515074078583,145.73166666666665,145.80546864698965,145.2778,146.999189677795,152.50599999999997,151.39900026960123,,,141.46674074074076,48.142139503285364,-0.939502525361462,-0.4852779567521968,-0.45422456860926513,27.15786737214262,17.05565320714022,-62.04564666103124,-83.19603352865337,0.27000000000001023,-0.29506397805096185,-3.7350639780509596,140.3294957074557,142.63,144.9305042925443,3.225835087350913,0.9042591891760605,45.02547717201988
2022-12-13,145.47,149.5,149.9692,144.24,93886161.0,144.94,144.60653968096048,146.65,145.33894590833003,145.46933333333334,145.7838255084742,145.33820000000003,146.9392214551364,152.4198,151.28159432366854,,,143.12970370370374,49.69059832488434,-0.8070457629947327,-0.28225695550837404,-0.5247888074863587,39.74799379907436,26.29331085280901,-53.76162299239229,-2.347068792822439,4.300000000000011,5.077716590242034,-0.651483409757958,139.88109460425267,143.142,146.40290539574733,4.5561825260892395,0.8569560777562018,39.56730591480346
2022-12-14,143.21,145.35,146.655,141.16,82291182.0,144.458,144.3526233753313,146.3085,145.13618915515576,145.22133333333335,145.61777224986298,145.28040000000001,146.7929774765036,152.3224,151.12176077270482,,,144.12285185185183,46.26008920493705,-0.8743568948954987,-0.279654469927312,-0.5947024249681867,48.3723841546964,38.42608177530445,-70.60412641141399,-66.61715072213345,-4.819999999999993,2.0037285059217425,-3.491271494078262,141.16008210318714,143.596,146.03191789681287,3.3927378155559587,0.4207690865720404,41.36027440671995
2022-12-15,136.5,141.11,141.8,136.025,98931907.0,143.277,142.9248736707256,145.69400000000002,144.31369494990284,144.937,145.0295288789041,145.0824,146.38933130095444,152.1714,150.83222095542354,,,142.27499999999998,37.89508754927274,-1.4524000108303312,-0.6861580686897155,-0.7662419421406157,33.18858816976384,40.436322041178194,-96.81098899623365,-175.0274346112424,-11.810000000000002,-1.6868041377813654,-7.461804137781371,136.08517712397366,142.36599999999999,148.6468228760263,8.823487175345688,0.033022972006558196,38.09981064578144
2022-12-16,134.51,136.685,137.65,133.73,160156900.0,141.947,141.39489663968456,144.8835,143.38000971657874,144.7913333333333,144.35084959639417,144.864,145.92347517150526,151.9486,150.50900865927653,,,138.46688888888886,35.82602585717543,-2.0474776656416225,-1.0249885788008053,-1.0224890868408172,13.9790883995186,31.846686907992947,-95.46245178855025,-199.84377831454103,-13.300000000000011,-4.554403546669761,-8.474403546669777,131.9239533214857,140.836,149.74804667851433,12.655921324823645,0.14508713720883476,37.31282983025617
2022-12-19,132.37,135.11,135.2,131.32,79592614.0,140.52100000000002,139.75400634156009,143.9375,142.33143736261886,144.59099999999998,143.57789155791713,144.7096,145.39196634125014,151.6988,150.14982036899383,,,134.0671111111111,33.69540309834968,-2.6610857693753474,-1.310877346027624,-1.3502084233477234,0.0,15.722558856427481,-94.64282981035612,-211.8649587374615,-14.259999999999991,-5.599488754288387,-9.479488754288383,128.28388941608443,138.41199999999998,148.54011058391552,14.63472904649242,0.20172126627471484,35.600548521872035
2022-12-20,132.3,131.39,133.25,129.89,77432819.0,139.46,138.39873246127644,143.152,141.37606237570276,144.37033333333332,142.85028565095473,144.5472,144.87855589649524,151.3967,149.7963585795088,,,130.93455555555553,33.62495996705448,-3.1170911410257247,-1.4135061741424009,-1.7035849668833238,0.0,4.659696133172867,-88.5401262012657,-194.42551193633528,-10.609999999999985,-6.335276075104332,-9.695276075104346,127.72444525690508,135.778,143.8315547430949,11.862827178327722,0.28407050607174383,37.095950230391736
2022-12-21,135.45,132.98,136.81,132.75,85927993.0,138.911,137.8625992864989,142.4155,140.8116754827787,144.23533333333333,142.3728478670222,144.4766,144.50880860643662,151.1361,149.51227227100367,,,130.59703703703704,39.730994024364485,-3.1875558494010647,-1.187176706014193,-2.000379143386872,11.664754751949141,3.888251583983047,-73.56145297885395,-121.6510735697409,-5.490000000000009,-2.1845223500894235,-6.244522350089426,130.89083943414582,134.22600000000003,137.56116056585424,4.9694702454877735,0.6834994111724974,35.74364888536339
2022-12-22,132.23,134.352,134.56,130.3,77852108.0,137.869,136.83849032531725,141.4735,139.99437305584738,144.14733333333334,141.71847058527882,144.3544,144.02728670030186,150.85829999999999,149.17004905771645,,,131.00248148148148,36.077404806135306,-3.463303916083703,-1.1703398181574647,-2.2929640979262382,16.75314025409465,9.472631668681265,-88.8729856062083,-138.74615935135873,-10.420000000000016,-3.4681620143623775,-7.728162014362368,130.67823237824223,133.372,136.0657676217578,4.03947998344148,0.28802922888077,36.36730847181622
2022-12-23,131.86,130.92,132.415,129.64,63814893.0,136.839,135.93331026616866,140.661,139.2196708600524,143.647,141.08244022493827,144.1318,143.55013820225082,150.5156,148.8272758090488,,,131.43392592592593,35.671483365292836,-3.6693936672899383,-1.1011436554909597,-2.5682500117989786,20.999311186648864,16.472402064230884,-89.0797473584793,-129.6606796253435,-10.299999999999983,-4.731996012310617,-7.506996012310623,130.2103343677375,132.84199999999998,135.47366563226248,3.9620987824069145,0.31342614579122546,39.65476370418943
2022-12-27,130.03,131.38,131.41,128.72,69007830.0,135.393,134.85998112686528,139.95149999999998,138.344464111476,142.99133333333336,140.36937956526484,143.96480000000003,143.01993670412332,150.15779999999998,148.45505252570132,,,130.91781481481482,33.654580720879444,-3.9350264505166024,-1.0934211509740988,-2.8416052995425036,9.3960142142688,15.71615521833744,-93.83506202586449,-124.25015697144002,-14.460000000000008,-4.720282296266248,-7.410282296266246,128.88154871185975,132.37399999999997,135.86645128814018,5.276642374091917,0.16441908467559738,45.44770355304165
2022-12-28,126.04,129.67,131.0275,125.87,85438391.0,133.45,133.25634819470795,139.195,137.17261038657352,142.25,139.44490346428,143.63739999999999,142.3540568333734,149.7647,148.0111900994498,,,128.83681481481486,29.710224027635583,-4.416590295488874,-1.2599879967570957,-3.156602298731778,4.307628712123293,11.567651371013651,-99.29458239277652,-130.65662015974766,-19.429999999999993,-3.661313396799642,-8.81881339679964,124.9560885507466,131.122,137.28791144925344,9.404846553977855,0.08789547645747071,41.997457671639616
2022-12-29,129.61,127.99,130.4814,127.73,75703710.0,132.09,132.59337579567014,138.274,136.45236177832842,141.569,138.81039356335873,143.3546,141.8542898987313,149.41209999999998,147.64681009748048,,,127.60322222222226,36.84262975091297,-4.458766068096907,-1.0417310154921027,-3.417035052604804,11.96047698239335,8.554706636261812,-84.48081264108347,-100.23524847039874,-13.599999999999994,-3.4818686258282696,-6.2332686258282735,125.54886481478304,129.954,134.35913518521699,6.779529964782878,0.4609546602389845,47.00135104251189
2022-12-30,129.93,128.41,129.95,127.43,77034209.0,131.43300000000002,132.10912565100284,137.355,135.83118446610666,140.94033333333334,138.23746494636785,143.076,141.38667068701636,149.0622,147.2959821747581,,,127.48470370370372,37.455263745424325,-4.415470550133421,-0.7987483980228931,-3.6167221521105275,24.820097995052254,13.696067896522967,-83.15296773336873,-92.54177099898712,-6.569999999999993,-3.4370873935671113,-5.957087393567093,125.6972729884758,129.494,133.29072701152418,5.863942748736142,0.5574178758015292,49.22410652607107
2023-01-03,125.07,130.28,130.9,124.17,112117471.0,130.489,130.82928462354778,136.21800000000002,134.8063097550489,140.08533333333332,137.38795107886025,142.7096,140.74680124830985,148.6205,146.855863715852,,,126.84500000000001,32.32656095419156,-4.718923115260225,-0.8817607705197577,-3.837162344740467,29.18494269654555,21.988505891330387,-96.51151973704614,-108.02888035963255,-9.439999999999998,-1.2989320516289524,-8.028932051628956,123.86779944238324,128.13600000000002,132.4042005576168,6.661985012200754,0.140832247851073,40.796083807058494
2023-01-04,126.36,126.89,128.6557,125.08,89113633.0,129.88799999999998,130.01668741926636,135.2045,134.00189930218707,139.25433333333334,136.67647036409508,142.29139999999998,140.18261296406243,148.1992,146.45000502840938,,,126.22374074074072,34.87560025068101,-4.799987966966285,-0.7702604977806535,-4.029727469185631,27.68958573448656,27.231542142028122,-90.26017344896599,-101.23917770243898,-6.010000000000005,-2.70909890139626,-6.2847989013962575,123.4376508730888,127.402,131.36634912691122,6.223370319007879,0.368578678789086,40.99300002452621
2023-01-05,125.02,127.13,127.77,124.76,80962708.0,129.16,129.10819879758157,134.31,133.1464803210264,138.488,135.92444001802446,141.80280000000002,139.58800069096196,147.7284,146.02564849319336,,,125.19844444444443,33.465483227781995,-4.9156941844914,-0.7087733722446155,-4.206920812246785,27.260092590108815,28.044873673713642,-95.17867271695977,-102.46133892176441,-7.280000000000015,-2.688399058339641,-5.698399058339632,122.88468294696042,127.19800000000001,131.5113170530396,6.782051687981859,0.2475260949731042,36.27765686421207
2023-01-06,129.62,126.01,130.29,124.89,87754715.0,128.577,129.20125356165764,133.744,132.8106250523572,137.80266666666665,135.51770195234548,141.3484,139.1970987030811,147.2927,145.70078416659547,,,125.83022222222222,42.117519217247306,-4.583376330022531,-0.30116441422059737,-4.282211915801934,56.22858122194885,37.05941984884807,-59.56973293768545,-68.40534409550796,-5.829999999999984,-0.04862776429112614,-5.448627764291118,122.88220426605866,127.2,131.51779573394134,6.788987003052418,0.7802355818938886,43.955607435533565
2023-01-09,130.15,130.465,133.41,129.89,70790813.0,128.369,129.37375291408352,133.119,132.55723219022795,137.10533333333333,135.17139860058126,140.96439999999998,138.84231051864654,146.8639,145.39284784646486,,,127.60507407407408,43.03663384263956,-4.228501927461224,0.042967990672568845,-4.271469918133793,79.1582523145169,54.21564204219152,-52.689873417721486,-29.431070866886593,-2.079999999999984,3.0983190591790333,-0.42168094082097696,122.81282679191594,127.244,131.67517320808406,6.964844248976865,0.827904130975789,45.722408882508326
2023-01-10,130.73,130.26,131.2636,128.12,63896155.0,128.256,129.62034329334105,132.5475,132.3832100768729,136.526,134.88485675538246,140.68300000000002,138.5241806943859,146.4257,145.10249442376258,,,129.70862962962966,44.08304618216241,-3.8560105644577902,0.33236748294080165,-4.188378047398592,100.0,78.46227784548859,-48.10126582278491,-39.79742570560603,-1.1300000000000239,0.8921591935820175,-2.2514408064179747,123.8537952279845,128.376,132.8982047720155,7.045249535762913,0.7602712745967529,46.23792141763674
2023-01-11,133.49,131.25,133.51,130.46,69458949.0,128.602,130.3239172400063,131.9975,132.48861864098023,136.16833333333332,134.79486599697069,140.238,138.3267618436257,146.0191,144.87254403913363,,,132.0292962962963,48.894138520929204,-3.3000585214840896,0.7106556207316022,-4.010714142215692,100.0,93.05275077150564,-26.265822784810066,4.620638930433475,3.460000000000008,2.6930507373560033,-0.35694926264397964,124.32592257176387,129.802,135.27807742823612,8.437585596887759,0.8367373862341408,46.93483979558473
2023-01-12,133.41,133.88,134.26,131.44,71379648.0,129.339,130.8850231963688,131.39450000000002,132.57636924660116,135.90966666666668,134.70551980361773,139.83939999999998,138.13394765367957,145.638,144.64556296905178,,,133.70992592592594,48.76317277179488,-2.8332578209036967,0.9419650570495963,-3.775222877953293,99.77243825952881,99.92414608650961,-11.068334937439905,32.2774448886248,7.36999999999999,3.0726149177337163,0.25261491773372313,128.18685560595435,131.48,134.77314439404563,5.0093465075230315,0.7930330057026431,53.43236844744945
2023-01-13,134.76,132.03,134.92,131.66,57809719.0,129.85399999999998,131.58956443339264,130.972,132.7843340802582,135.46733333333333,134.70903465499725,139.5216,138.00163598098626,145.3099,144.44980924689236,,,135.06622222222225,51.141489135341324,-2.3275506301822873,1.1581377982168046,-3.485688428399092,99.77243825952881,99.8482921730192,-1.488372093023227,70.65046451039251,5.149999999999977,3.2222413580574596,-0.03775864194253131,128.97859438431448,132.50799999999998,136.0374056156855,5.327083067717429,0.8190338891613356,59.322144444003975
2023-01-17,135.94,134.83,137.29,134.13,63646627.0,130.45499999999998,132.38055271823032,130.94400000000002,133.08487369166218,135.055,134.7884517740297,139.3398,137.9207875111437,144.997,144.28129817269647,,,136.15192592592592,53.18693231141532,-1.8106854450850562,1.3400023866512285,-3.1506878317362847,99.77243825952881,99.77243825952881,-10.289634146341431,130.8361551533001,6.009999999999991,4.9862068783349685,1.8262068783349719,130.19215256523398,133.666,137.139847434766,5.197802634575755,0.827302802253486,62.58344558588143
2023-01-18,135.21,136.815,138.61,135.03,69672800.0,131.469,132.89499767855207,130.97899999999998,133.28726667340862,134.63500000000002,134.81564843376975,139.2664,137.81448211854982,144.6738,144.1016685059104,,,136.60559259259261,51.74371950816383,-1.4433331155065048,1.3658837729838242,-2.809216888490329,97.95085866126495,99.16524506010752,-23.545706371191155,140.371311796692,10.140000000000015,5.891034467144266,2.3110344671442533,132.59542327888562,134.56199999999998,136.52857672111435,2.9229302791491873,0.6647532977083228,53.750353472550515
2023-01-19,135.27,134.08,136.25,133.77,58280413.0,132.36,133.3268162824517,131.124,133.47609841879827,134.25633333333334,134.84496143804267,139.20420000000001,137.7146985060577,144.3262,143.92678398104087,,,136.57299999999998,51.85934417836136,-1.134286895859418,1.3399439941047286,-2.4742308899641468,95.82947083884055,97.85092258654477,-23.130193905817176,102.23681278021367,8.91000000000001,3.1666009718379087,0.6866009718379189,133.23213405039772,134.918,136.6038659496023,2.4990971547195895,0.6043973870173498,59.96324598590778
2023-01-20,137.87,135.28,138.02,134.22,80223626.0,133.64499999999998,134.15284968564228,131.4025,133.8945652360556,134.08833333333334,135.0401252162335,139.1832,137.7207887607221,144.0687,143.8068476645846,,,137.00477777777778,56.70087362508456,-0.6718229129922122,1.4419263815775478,-2.11374929456976,95.82947083884055,96.53660011298201,-5.124653739612251,125.41456015666492,12.850000000000009,4.252800833003931,0.45280083300391993,133.61644580645316,135.81,138.00355419354685,3.2303279486736542,0.9695575805832055,61.947296392025194
2023-01-23,141.11,138.12,143.315,137.9,81760313.0,134.794,135.4177861064346,131.6855,134.5817494992884,134.094,135.43173004099262,139.2154,137.85369900539965,143.866,143.75344474053344,,,138.6425925925926,61.849873728940224,-0.043375941651902394,1.656298682334286,-1.6996746239861884,97.87861217757559,96.51251795175223,-11.517367458866467,192.35780262109603,11.490000000000009,8.498829285431924,3.083829285431932,132.6134487577075,137.08,141.54655124229254,6.516707385895133,0.9511310607881376,58.3245976995262
2023-01-24,142.53,140.305,143.16,140.3,66435142.0,136.03199999999998,136.71091590526467,132.2005,135.33872573745143,134.09,135.88968294157374,139.36860000000001,138.03708335812908,143.7022,143.72921811200803,,,141.04892592592594,63.87733058303454,0.5627677075936504,1.8099538652638711,-1.2471861576702208,100.0,97.90269433880538,-4.230665588790073,178.15573675667812,12.379999999999995,7.241853673227354,4.3818536732273685,132.42105228398117,138.398,144.37494771601882,8.63733249905176,0.845661380718274,60.734840652603104
2023-01-25,141.86,140.89,142.43,138.81,65799349.0,137.14500000000004,137.64711301339838,132.70049999999998,135.95979947674178,134.08,136.27486468727867,139.2684,138.1870016578103,143.5486,143.69220389196826,,,142.9247777777778,62.19774769575943,0.9778059774288579,1.779993708079263,-0.8021877306504052,98.15906953666745,98.67922723808101,-7.841552142279628,136.66455042826743,11.130000000000024,5.66301743419487,2.0430174341948657,134.2411079835648,139.728,145.21489201643521,7.853675736338037,0.6942812063381147,61.274239564246706
2023-01-26,143.96,143.17,144.25,141.9,54105068.0,138.19199999999998,138.79491064732593,133.397,136.7217233360997,134.06233333333333,136.77067986874457,139.1536,138.41339374966088,143.4086,143.69750678519662,,,144.34029629629632,65.27931816008278,1.4593566905199111,1.809235536936253,-0.3498788464163419,98.15906953666745,98.77271302444497,-1.4979338842974754,148.09850029652063,10.469999999999999,6.455443515024172,4.105443515024177,137.40986193528656,141.466,145.52213806471346,5.734435220778775,0.8074352943871241,64.610150029873
2023-01-27,145.93,143.155,147.23,143.08,70555843.0,139.44400000000002,140.0921996205394,134.3915,137.59870206599498,134.0776666666667,137.3616037481804,139.1066,138.7081626222232,143.3098,143.74171457162836,,,145.63040740740743,67.92114810052568,1.9771601644172279,1.8616312086668558,0.11552895575037203,98.15906953666745,98.15906953666745,-6.802721088435293,152.80014144029138,12.52000000000001,8.273237298592136,4.123237298592159,139.6640661986479,143.078,146.4919338013521,4.772129609516629,0.9176999564066618,69.81400056832094
2023-01-30,143.0,144.955,145.55,142.85,64015274.0,140.268,140.62089059862313,135.061,138.11311139304308,134.07066666666668,137.72537124829782,138.9658,138.8764699703713,143.1945,143.7270271543684,,,145.7711111111111,60.54270835218494,2.126582713317788,1.6088430060539327,0.5177397072638552,89.68256816529941,95.33356907954476,-22.13500784929353,115.45913127435375,8.240000000000009,6.015631970221847,3.3156319702218298,140.62936666686076,143.456,146.28263333313922,3.9407669712514326,0.4193386714410602,65.8072661813802
2023-01-31,144.29,142.7,144.34,142.28,65874459.0,141.103,141.28800139887346,135.77900000000002,138.70138649846754,134.33033333333336,138.1488956838915,138.8758,139.08876526565084,143.0778,143.7381751315096,,,145.53874074074074,62.47548376488815,2.3223230839570306,1.4436667013545401,0.8786563826024903,80.2075510297973,89.34972957725472,-17.53130590339893,101.4481929051025,8.349999999999994,4.126255974475839,2.066255974475837,141.09420118652596,143.808,146.52179881347402,3.77419728175627,0.5888054039980536,65.05287224301432
2023-02-01,145.43,143.97,146.61,141.32,77663633.0,142.125,142.04109205362374,136.797,139.34220683194684,134.69433333333333,138.6186443494469,138.77,139.3374411375861,142.9875,143.77167661405394,,,145.3729259259259,64.14688544150529,2.54015587481166,1.3291995937673358,1.2109562810443242,73.64063813102103,81.17691910870592,-11.399620012666144,100.5683104835619,10.219999999999999,5.651076549550737,0.36107654955071666,142.42570231121343,144.522,146.61829768878655,2.901008412264657,0.7165722943017718,67.23966014741498
2023-02-02,150.82,148.9,151.18,148.17,118338980.0,143.68,143.63725713478306,138.02,140.43532999080904,135.30933333333334,139.40582858496646,138.7606,139.7877375635631,142.922,143.9112473741717,,,147.0627407407407,70.77498559976569,3.111846455967708,1.520712139938707,1.591134316029001,83.95806996572162,79.26875304217998,-1.844262295082033,148.54165894635048,15.549999999999983,8.812351328186338,5.802351328186319,140.57008264526868,145.894,151.21791735473133,7.298336264316999,0.9626292701202708,70.72432594660486
2023-02-03,154.5,148.03,157.38,147.83,154357337.0,145.34300000000002,145.61230129209522,139.494,141.77482237263675,136.04933333333335,140.3796460956138,138.8904,140.36468903165866,142.8327,144.12092564399006,,,150.63333333333333,74.27210290709922,3.8178507978310563,1.7813731854416441,2.036477612389412,93.43308710122373,83.6772650659888,-12.1982210927573,164.62533516061401,16.629999999999995,13.279158281302557,3.729158281302574,138.89924210923243,147.608,156.31675789076758,11.799845388823874,0.8956936274061782,69.34236955234141
2023-02-06,151.73,152.575,153.1,150.78,69858306.0,146.405,146.72461014807791,140.5995,142.72293452762372,136.592,141.11192699267096,138.9214,140.81038750100538,142.8116,144.27160038371304,,,153.40525925925925,67.7047378025913,4.106511170540756,1.6560268465210748,2.450484324019681,90.28282827605777,89.22466178100103,-23.930537907666285,135.44380665915477,10.619999999999976,7.909278526830747,5.589278526830753,141.5916436567236,149.35399999999998,157.11635634327638,10.394574424891728,0.6530463106127594,64.90503240088522
2023-02-07,154.65,150.64,155.23,150.64,83322551.0,147.61700000000002,148.16559012115465,141.8245,143.8588455249929,137.33933333333334,141.98535105765993,138.99300000000002,141.35311740292673,142.805,144.4771132474019,,,155.4428888888889,70.65084662164551,4.518806207045031,1.6546575064202802,2.8641487006247512,84.8971216653993,89.53767901422692,-11.562897077509493,139.7139053201874,12.120000000000005,8.687953022997789,4.097953022997785,144.71747885149048,151.42600000000002,158.13452114850955,8.860461411527124,0.7402914091368917,68.13535969539217
2023-02-08,151.92,153.88,154.58,151.168,64120079.0,148.623,148.84821009912653,142.884,144.62657452261263,138.00799999999998,142.62629615071415,139.0692,141.76750495575314,142.8005,144.62449714349293,,,155.42703703703705,64.70752494459052,4.572555238983767,1.366725230687213,3.2058300082965543,66.75273004088785,80.64422666078163,-23.575129533678798,117.32252784279846,10.059999999999974,7.269674019712397,3.857674019712391,149.60973347319188,152.724,155.8382665268081,4.078293558063054,0.3709166358949948,68.18725473755961
2023-02-09,150.87,153.775,154.33,150.42,56007143.0,149.31400000000002,149.2158082629217,143.753,145.22118647283997,138.70266666666666,143.15814801195842,139.2022,142.1244655457236,142.8022,144.74817046738417,,,154.08677777777777,62.5287956851794,4.478796728520024,1.0183733761787752,3.4604233523412486,47.958551719617674,66.53613447530161,-33.41889117043119,100.23152056188904,6.909999999999997,6.511149159753472,2.6011491597534473,149.6440265373312,152.73399999999998,155.82397346266876,4.046215593998429,0.19837928666383156,61.78938605947707
2023-02-10,151.01,149.46,151.3401,149.22,57450708.0,149.822,149.5420249423905,144.63299999999998,145.7725020468552,139.535,143.6647191079611,139.399,142.47291787726385,142.7675,144.8721670917924,,,152.4490740740741,62.70908704455539,4.365466878686362,0.7240348210760912,3.6414320576102712,25.270634213556992,46.660638658020844,-34.3026386645127,75.72138185543018,5.079999999999984,3.0653707083601205,0.9452707083601126,149.30070184440552,152.036,154.77129815559448,3.5982243094983795,0.3124518897690288,61.420474889127824
2023-02-13,153.85,150.952,154.26,150.92,62199013.0,150.90699999999998,150.32529313468314,145.5875,146.54178756620234,140.343,144.3218340042217,139.5154,142.91907796050842,142.737,145.04994596126187,,,152.01877777777776,66.25598729886504,4.453479482051023,0.6496379395526009,3.803841542498422,23.95285272190843,32.3940128850277,-19.00915455035004,94.4075596779881,10.849999999999994,5.1888034643086485,1.848803464308645,149.4070800862129,152.45999999999998,155.51291991378707,4.004879855420561,0.7276509111363725,60.29024446575447
2023-02-14,153.2,152.12,153.77,150.86,61707573.0,151.798,150.84796711019527,146.4505,147.17590303608782,141.11866666666668,144.89461890717513,139.6132,143.3222513738218,142.7318,145.21133316994977,,,152.40833333333333,64.73828411979677,4.419831470646699,0.4927919425186209,3.927039528128078,29.317227253696057,26.180238063053825,-26.02739726027401,79.85416899314518,8.909999999999997,4.108974397978869,1.1989743979788727,149.80671415186436,152.17,154.53328584813562,3.1061127004477,0.7179169313802128,58.98925342755738
2023-02-15,155.33,153.11,155.5,152.88,65669252.0,152.78799999999998,151.66288218106885,147.4565,147.95248369931753,142.12733333333333,145.5678693002606,139.7636,143.7931434768092,142.7577,145.41170281014877,,,153.72703703703704,67.37556082567986,4.513015148655853,0.4687804964222204,4.044234652233633,40.64686931586588,31.305649763823457,-12.764632627646222,93.80502956522565,9.900000000000006,5.02912091255331,2.4091209125533055,149.4368713055,152.852,156.2671286945,4.4685430278962635,0.8627974553332034,64.63223977475744
2023-02-16,153.71,153.51,156.33,153.3475,68167942.0,153.077,152.0350854208745,148.3785,148.50081858509682,143.03900000000002,146.09316805508251,139.9052,144.182039811052,142.79049999999998,145.5760255267795,,,154.55914814814818,63.4864240489039,4.405361162496035,0.2889012082099214,4.116459954286114,33.9226998975094,34.62893215569045,-22.85180572851797,85.54680935592418,2.890000000000015,5.396389353617138,2.4138893536171224,150.6237739719407,153.42,156.21622602805928,3.645191015590268,0.5518556077173228,56.37754117224587
2023-02-17,152.55,152.35,153.0,150.85,59144118.0,152.882,152.12870625344277,149.1125,148.8864549103257,143.95666666666668,146.50973785798044,140.09799999999998,144.51019511257937,142.8083,145.7141240311997,,,154.3756666666667,60.78093453388172,4.178277712798177,0.04945420680965107,4.128823505988526,23.736342077600835,32.768637096992045,-30.074719800747097,49.681285331502345,-1.9499999999999886,1.8354765888146574,-0.3145234111853483,151.88450766207296,153.728,155.57149233792705,2.3983819966786086,0.18049772278288273,60.97939551690577
2023-02-21,148.48,150.2,151.3,148.405,58867230.0,152.557,151.46530511645315,149.481,148.8477449188661,144.58533333333332,146.63685154456238,140.24880000000002,144.66587373561546,142.77550000000002,145.76889385236407,,,152.39848148148147,52.351219462548066,3.628075264028695,-0.40059859356786554,4.02867385759656,7.146990798816849,21.60201092464236,-55.41718555417188,3.613599961153153,-3.25,0.5189799332697191,-2.376020066730291,148.09265633831458,152.654,157.2153436616854,5.97605521202905,0.042459381534769434,57.51223794876325
2023-02-22,148.91,148.87,149.95,147.16,51011305.0,151.983,151.00070418618893,149.8,148.8536739742122,145.21066666666667,146.78350628362287,140.37400000000002,144.832310059709,142.7662,145.83109397409945,,,150.02355555555553,53.09143198397679,3.1899613766562425,-0.6709699847522548,3.8609313614084972,1.1255819491355266,10.669638275184404,-82.87671232876713,-15.351329100029371,-5.740000000000009,-0.5637314857688409,-3.353731485768833,146.4260152700404,151.796,157.16598472995958,7.075265132097794,0.23128415208531541,55.81982578317538
2023-02-23,149.4,150.09,150.34,147.24,48394249.0,151.73100000000002,150.7096670614273,150.177,148.90570502428722,145.83300000000003,146.95231232984074,140.5188,145.01143515540667,142.8354,145.90176538055292,,,148.3985185185185,53.96897336677458,2.8494452383826,-0.8091888984207176,3.6586341368033177,3.585570857761734,3.952714535238036,-78.08219178082183,-19.32684793028361,-2.519999999999982,-0.014626987801847235,-3.1146269878018416,146.3896113923003,150.60999999999999,154.83038860769966,5.604393609587246,0.35664827193964366,53.183686056198745
2023-02-24,146.71,147.11,147.19,145.7202,55469606.0,151.315,149.9824548684405,150.3145,148.69659026006937,146.27366666666666,146.93667927630264,140.5632,145.07804554146915,142.9205,145.91777002648254,,,147.06233333333333,48.59441624182494,2.3355998851667152,-1.0584274013092823,3.3940272864759975,3.5855708577617342,2.7655745548863315,-90.67088917792982,-79.32695048099302,-4.159999999999997,-2.643965989544455,-4.113765989544447,145.4084634685428,149.20999999999998,153.01153653145715,5.095551948873633,0.17118558781260848,46.94756365714115
2023-02-27,147.92,147.71,149.17,147.45,44998470.0,151.006,149.60746307417858,150.414,148.62262928291992,146.75733333333335,147.0001193229928,140.6122,145.18949473592136,142.9752,145.95741814477003,,,146.61566666666667,50.96014774577951,2.002922188086842,-1.1128840787113248,3.1158062667981667,6.035259949339685,4.402133888287718,-79.26633866802408,-48.00610729800338,-3.0900000000000034,-0.3905422767523987,-2.1105422767523976,146.43235856602718,148.284,150.1356414339728,2.4974257964079953,0.40170883160164034,44.43783490063949
2023-02-28,147.41,147.05,149.08,146.83,50546998.0,150.36200000000002,149.20792433341884,150.63449999999997,148.50714077978466,147.179,147.0265632376384,140.69619999999998,145.27657337372835,142.9883,145.9861821419033,,,146.47481481481483,49.91740624642883,1.678768183957743,-1.1496304662723391,2.828398650230082,5.923353002557263,5.1813946032195615,-84.07321532922401,-67.6210026614481,-6.439999999999998,-0.17332195150206076,-2.4233219515020608,146.11404499029112,148.07,150.02595500970887,2.6419328827026045,0.3312844629033078,44.42941761515412
2023-03-01,145.31,146.83,147.2285,145.01,55478991.0,149.573,148.49921081825175,150.6855,148.20265118170994,147.49133333333333,146.9158172223069,140.8724,145.27788422181743,142.9774,145.97279239651905,,,145.9807777777778,45.764882424437346,1.238148742728896,-1.2721999260009489,2.510348668729845,5.923353002557263,5.960655318151404,-97.34982332155468,-125.85197826532762,-7.889999999999986,-1.4614902441446418,-3.6799902441446477,144.65152635736305,147.35,150.04847364263694,3.662672063300904,0.12200853701752118,40.95713888964866
2023-03-02,145.91,144.38,146.71,143.9,52279761.0,148.63100000000003,148.02844521493324,150.7095,147.98430345011852,147.84799999999998,146.8509257886097,141.1004,145.3026730758638,142.9822,145.9715489827266,,,145.54722222222222,47.118453022085326,0.9266873714785788,-1.2669290378010127,2.1936164092795916,4.435893324535899,5.427533109883474,-83.82944489139189,-139.5562335085148,-9.420000000000016,-1.5828487806954001,-4.392848780695402,144.74679030025368,146.652,148.5572096997463,2.5982730542322074,0.3052707793533718,49.263234086099075
2023-03-03,151.03,148.045,151.11,147.33,70732297.0,148.363,148.57418244858172,150.71999999999997,148.27436978820248,148.37333333333336,147.12054347966713,141.4736,145.5272741317123,143.09160000000003,146.0717163296033,,,146.78,56.98423235807941,1.0805374382029242,-0.890463176861334,1.9710006150642583,19.393067781662296,9.917438036251818,-42.63877715205155,-20.066702490831656,-2.680000000000007,2.4261296165468025,-1.3538703834531987,143.51916925552177,147.516,151.5128307444782,5.418843711161117,0.9395982998347807,56.594572635327786
2023-03-06,153.83,153.785,156.3,153.46,87558028.0,148.49099999999999,149.52978563974867,150.6865,148.80347742742129,148.90533333333332,147.55341164226928,141.9042,145.85287122458632,143.22570000000002,146.22534570921513,,,149.70366666666666,61.24270143950868,1.4121232461698412,-0.44710189511553367,1.8592251412853749,43.2667884915459,22.365249865914695,-20.112630732099746,104.57830659499604,1.2800000000000011,6.880968242754392,4.0409682427543885,142.2057843535504,148.698,155.19021564644962,8.732082000362626,0.8952425704471583,54.334466991366945
2023-03-07,151.6,153.7,154.0299,151.13,56182028.0,148.80300000000003,149.90618825070345,150.68,149.069812910524,149.255,147.81448185889707,142.2272,146.07824882362215,143.3519,146.33177450705244,,,152.22696296296294,56.44958388162086,1.4779283863585135,-0.30503740394148915,1.7829657903000027,57.6595664295105,40.10647423423956,-38.05309734513287,42.858684441896514,3.1200000000000045,4.299301350932325,1.3994013509323224,142.84645472397384,149.536,156.22554527602617,8.947069971145632,0.6542705755648973,52.65453300873043
2023-03-08,152.87,152.81,153.47,151.83,47204791.0,149.199,150.4450631142119,150.591,149.4317354904741,149.59966666666665,148.14064431961341,142.64,146.3445920070095,143.4972,146.46124431879397,,,153.86848148148147,58.444285923253936,1.6139531727016845,-0.1352100940786547,1.7491632667803392,64.20363374603157,55.04332955569598,-27.835880933226107,57.26325928601456,3.960000000000008,3.290915443656246,1.6509154436562596,145.5515808020128,151.048,156.5444191979872,7.277711982928863,0.6657442722588576,53.00484636749569
2023-03-09,150.59,153.559,154.535,150.225,53833582.0,149.31799999999998,150.4714152752643,150.52450000000002,149.54204639614323,149.89066666666665,148.29866726673515,143.0146,146.51107859496992,143.57319999999999,146.54300185703568,,,153.60596296296296,53.68990305441704,1.5202523281249682,-0.1831287509242967,1.703381079049265,57.39739225110884,59.753530808883646,-46.048387096774235,33.489419032596686,1.1899999999999977,4.297213237419641,-0.01278676258036171,149.5850802431092,151.984,154.38291975689083,3.1568056596626217,0.209452557553085,49.13618937597262
2023-03-10,148.5,150.21,150.94,147.6096,68572400.0,149.49699999999999,150.11297613430713,150.406,149.44280388222484,150.04199999999997,148.3116564753329,143.384,146.58907551281422,143.6744,146.58175429551022,,,151.83655555555558,49.6987899716618,1.262791525928094,-0.35247164249693697,1.615263168425031,49.38894307862279,56.996656358587735,-62.903225806451665,-38.240476252216176,1.789999999999992,0.9504684892168314,-2.379931510783166,147.77486835232642,151.478,155.1811316476736,4.889332639292289,0.09790789481237137,48.875443410424545
2023-03-13,150.47,147.805,153.14,147.7,84457122.0,149.752,150.1778895644331,150.379,149.5406320839177,150.19333333333333,148.4509044446663,143.8726,146.74126862995877,143.755,146.65874925995558,,,150.39051851851852,53.22810936282235,1.2038374327433132,-0.3291405885453742,1.5329780212886874,41.61257064442659,49.466301991386075,-47.01612903225815,0.6422662020908274,2.5500000000000114,3.081830133614403,-2.3581698663855946,147.926038889151,150.80599999999998,153.68596111084898,3.819425103575449,0.44166587897068277,48.86801302810523
2023-03-14,152.59,151.28,153.4,150.1,73695893.0,150.27,150.6164550981725,150.316,149.83104807592554,150.513,148.71794286759106,144.3322,146.9706306444702,143.8434,146.77619976965943,,,150.30114814814814,56.74533178503522,1.31304619241061,-0.17594546310246217,1.4889916555130722,48.19280163528948,46.398105119446285,-29.919354838709733,46.48455476484037,5.180000000000007,2.980140114526648,-0.3198598854733632,147.81352417341827,151.004,154.1944758265817,4.225683858151728,0.7485522671549679,45.3841883746853
2023-03-15,152.99,151.19,153.245,149.92,77167866.0,151.038,151.04800871668658,150.3055,150.13190064012312,150.803,148.99355945677874,144.7934,147.20668434468706,143.9347,146.89924531877506,,,151.3394814814815,57.396316617395875,1.4155539534899901,-0.05875016161846558,1.4743041151084557,64.77034536251767,51.525239214077914,-26.693548387096776,48.43413277842538,7.680000000000007,2.4579772410228315,-0.8670227589771855,147.78044338001592,151.028,154.27555661998406,4.3006020340388105,0.8020732553093475,48.24059483945045
2023-03-16,155.85,152.16,156.46,151.64,76254419.0,152.03199999999998,151.9210980409254,150.3315,150.67648153154,151.15033333333335,149.43591045956722,145.409,147.54563789979738,144.0593,147.07648798573,,,153.48807407407406,61.82073486520845,1.7078827810765063,0.18686293277444044,1.5210198483020658,82.03072739455594,64.9979581307877,-4.856687898089285,121.4788433816675,9.939999999999998,4.949694778019563,0.129694778019541,147.12342053427963,152.07999999999998,157.03657946572034,6.518384357864746,0.8803025883145108,55.939170217618816
2023-03-17,155.0,156.08,156.74,154.28,98944633.0,152.429,152.48089839712077,150.39600000000002,151.08824519520286,151.28966666666668,149.79488397830482,145.9818,147.83796582529556,144.1366,147.23338921373536,,,155.24096296296295,59.83198566289736,1.8496460188599144,0.2629009364462789,1.5867450824136355,87.58753579101453,78.12953618269604,-13.55140186915894,137.14704509520672,3.969999999999999,4.7311669525881825,2.2711669525881746,149.58847260329046,153.38,157.17152739670954,4.94396583219395,0.71363422052626,53.844439239989974
2023-03-20,157.4,155.07,157.82,154.15,73641415.0,152.786,153.37528050673515,150.6385,151.68936470042163,151.38633333333334,150.2855366248658,146.6294,148.21294755763694,144.21609999999998,147.43470823920595,,,156.88177777777778,63.41107474182702,2.1310884869938036,0.4354747236641343,1.6956137633296693,95.87118526894902,88.49648281817316,-3.0172413793102537,147.80079408554252,3.569999999999993,5.0410002450755655,1.371000245075578,151.1819330363403,154.76600000000002,158.35006696365974,4.6315947477607775,0.8674596522201116,61.86717077130608
2023-03-21,159.28,157.32,159.4,156.54,73938285.0,153.55400000000003,154.44886586914694,151.1785,152.41228234800053,151.63799999999998,150.86582458455192,147.2226,148.6469496142002,144.28549999999998,147.66926847209294,,,158.54455555555555,65.96905640152336,2.4772774465062355,0.6253309465412529,1.8519464999649826,95.87118526894902,93.10996877630419,-0.7741935483871254,165.02344969001118,7.680000000000007,5.6922859243505,2.8322859243504865,151.8381429934894,156.10399999999998,160.36985700651056,5.465403841683202,0.8722581412307995,68.19638840434989
2023-03-22,157.83,159.3,162.14,157.81,75701811.0,154.05,155.06361752930204,151.62449999999998,152.92825545771476,151.74400000000003,151.31512622425825,147.77620000000002,149.00706923717274,144.37030000000001,147.87047107660595,,,159.4061851851852,62.34855277469637,2.6046075151099046,0.6021288121159376,2.002478702993967,92.58257664385441,94.77498239391748,-29.101958136394202,159.48433582216316,4.960000000000008,7.843387935157551,3.513387935157567,154.05950867221262,157.072,160.0844913277874,3.8358094730918144,0.6258094908038698,62.074108624542305
2023-03-23,158.93,158.83,161.5501,157.68,67622060.0,154.88400000000001,155.76659616033803,152.101,153.49985017602765,151.97766666666666,151.80640840333837,148.3402,149.39620377689144,144.5116,148.08947164934642,,,159.86755555555555,63.9642915431717,2.76243469119413,0.6079647905601302,2.154469900634,88.47536084831336,92.30970758703893,-22.091614821339967,142.42761839390027,8.340000000000003,6.591575372992196,2.7214753729922165,154.66734046936872,157.68800000000002,160.7086595306313,3.831185037074846,0.7055842420182361,56.47846584728147
2023-03-24,160.25,158.86,160.34,157.85,59256343.0,156.05900000000003,156.58176049482202,152.778,154.14272158783453,152.29033333333334,152.3511562482843,148.8754,149.82184284446433,144.5567,148.33027419094353,,,160.2585185185185,65.85771595513893,2.9599068697080497,0.6443495752592394,2.3155572944488103,88.2472546750793,89.76839738908235,-13.007212464901096,126.31910027366479,11.75,4.6255503197075996,2.1355503197075905,156.6922277741663,158.738,160.7837722258337,2.5775456737941784,0.8695426061872122,56.66772996940089
2023-03-27,158.28,159.94,160.77,157.87,52390266.0,156.84,156.89053131394527,153.296,154.53674810327885,152.53266666666664,152.73366229678211,149.3728,150.15353528193634,144.6061,148.52729846439019,,,160.0322222222222,60.729224664194135,2.9237394099146172,0.48654569237264544,2.437193717541972,84.92969353272821,87.2174363520403,-26.56499476958645,102.72996191676837,7.810000000000002,4.689043131177925,1.7890431311779196,157.24160770152685,158.91400000000002,160.58639229847319,2.1047765438830686,0.31045117207881423,49.62487410044485
2023-03-28,157.65,157.97,158.49,155.98,45992152.0,157.346,157.02861652959157,153.80800000000002,154.83324828391895,152.65933333333334,153.0508453744091,149.8306,150.44751429048787,144.67610000000002,148.70794601955077,,,159.30822222222224,59.14306894758865,2.811827703125857,0.2997071884671083,2.512120514658749,75.052324864824,82.74309102421051,-30.90073225788681,66.43941672104627,5.060000000000002,2.184894112438201,-0.32510588756181846,156.7057715335293,158.588,160.4702284664707,2.3737337837297994,0.2508272729083746,51.88946171386865
2023-03-29,160.77,159.37,161.05,159.35,51305691.0,158.124,157.7088680696658,154.58100000000002,155.39865320926,152.91166666666666,153.5488553502537,150.3272,150.85231765164522,144.8335,148.94679857361908,,,159.31703703703707,64.13852316209687,2.94099285930983,0.3430978757208649,2.597894983588965,71.5301682559096,77.17072888448727,-9.428508506303867,112.90199099612546,7.780000000000001,4.107052096375611,2.407052096375594,156.82886216851415,159.17600000000002,161.52313783148588,2.949110206922987,0.8395625043014421,54.19816655489694
2023-03-30,162.36,161.53,162.47,161.271,49501689.0,158.775,158.55452842063568,155.4035,156.0616386179019,153.14600000000002,154.1173162953986,150.8702,151.30359931236504,145.0683,149.21240652265632,,,160.33544444444445,66.3935859020648,3.135512649946179,0.4300941330857708,2.705418516860408,82.26515275440624,76.28254862504662,-0.7447528774542023,132.02600112287467,6.510000000000019,4.753187511179078,3.554187511179066,156.44314873093438,159.862,163.2808512690656,4.277253217231879,0.8653273868042135,53.8122094681592
2023-03-31,164.9,162.44,165.0,161.91,68749792.0,159.76500000000001,159.70825052597462,156.097,156.90338732095887,153.51899999999998,154.81297330859869,151.46280000000002,151.83679149619385,145.33350000000002,149.52305193804926,,,162.55366666666666,69.67426035305087,3.4548029400465055,0.5995075385488775,2.855295401497628,96.24973721785152,83.34835274272245,-0.6631299734747631,148.81165903114922,9.900000000000006,6.2570178667249365,3.167017866724933,155.4615531144199,160.792,166.1224468855801,6.630238924299843,0.8853335459652496,65.69091756654853
2023-04-03,166.17,164.27,166.29,164.22,56976187.0,160.642,160.8831140667065,156.714,157.78592186181993,153.97299999999998,155.54568470804395,152.02880000000002,152.39887810418628,145.606,149.8526944739295,,,165.111962962963,71.18872164616018,3.7668987178738575,0.7292826531009835,3.037616064772874,100.0,92.83829665741926,-0.7330482590104159,153.4381602033103,8.769999999999982,6.486015314335646,4.416015314335652,156.32487634535164,162.37,168.41512365464837,7.446109077598527,0.8143029172842473,71.98550183538686
2023-04-04,165.63,166.595,166.84,165.11,46278295.0,161.277,161.74618423639623,157.4155,158.532976922599,154.54466666666667,156.19628569462176,152.5192,152.91774562951232,145.8673,150.16511636553483,,,166.811962962963,69.59719743491385,3.925413658133209,0.7102380746882675,3.2151755834449416,95.59585450709238,97.28186390831463,-7.960526315789518,140.4662430780002,6.349999999999994,6.203727412287719,4.4737274122877295,159.83877138990485,163.966,168.09322861009517,5.034249307899392,0.7015880578955404,66.61498455775595
2023-04-05,163.76,164.74,165.05,161.8,51511744.0,161.87,162.11233255705145,157.95999999999998,159.03078864425626,155.03966666666668,156.68426726271068,152.94379999999998,153.34293207541378,146.1562,150.4343219820589,,,166.8607777777778,64.24111041048212,3.855698427189566,0.5124182749956989,3.343280152193867,76.3700767942141,90.65531043376882,-24.271079590228627,93.20859060563315,5.929999999999978,3.967480639103769,0.7174806391037691,161.83159885814916,164.564,167.29640114185082,3.3207762838176387,0.35287665348884284,68.4170038378282
2023-04-06,164.66,162.43,164.9584,162.0,45390123.0,162.443,162.5755448194057,158.6635,159.56690401146994,155.54833333333332,157.19883066511645,153.3998,153.7867386606917,146.3341,150.71601857647357,,,166.14055555555555,65.6127466401342,3.8289335205848545,0.38852269471279,3.4404108258720645,60.93995954068905,77.63529694733184,-17.178881008668302,91.47770992771498,5.72999999999999,3.3648119763746536,0.4064119763746419,163.36843483970353,165.024,166.67956516029648,2.0064538010186106,0.3900677518682443,71.71659372572941
2023-04-10,162.03,161.42,162.03,160.08,47716882.0,162.621,162.47635485224103,159.33999999999997,159.80148458180614,156.059,157.51051900930247,153.7612,154.1100038112528,146.4574,150.940057812583,,,164.50666666666666,58.54555637766652,3.554528724577324,0.09129431896420748,3.4632344056131164,32.01077170026333,56.44026934505549,-44.29097605893183,44.34486685818357,1.7800000000000011,0.3740674083211104,-1.5759325916788782,161.5205085765635,164.45,167.3794914234365,3.5627746104426907,0.08695902288030001,64.4344109161188
2023-04-11,160.8,162.35,162.36,160.51,47644217.0,162.873,162.17156306092448,159.8565,159.89658128830078,156.48833333333332,157.7227435893475,154.0586,154.37235660296838,146.5826,151.13530419253186,,,162.54333333333332,55.53294365117205,3.200912104063434,-0.20985784123974582,3.41076994530318,17.90321607980827,36.951315773586884,-55.616942909760446,34.921355608074336,2.5200000000000102,0.8263434928466893,-1.0236565071533335,159.87467225184662,163.376,166.8773277481534,4.286220434033623,0.1321395502950865,59.21941512238389
2023-04-12,160.1,161.22,162.06,159.78,50133062.0,163.118,161.79491523166547,160.232,159.91595449893882,156.91133333333335,157.8761149706799,154.4006,154.59697006951865,146.68320000000003,151.3128229213926,,,160.7071111111111,53.835119670079685,2.831543958600264,-0.4633807893623332,3.294924747962597,0.0,16.637995926690532,-62.06261510128914,15.322861578621977,2.4499999999999886,0.7311515652971536,-1.5488484347028475,158.82214849507847,162.27,165.71785150492155,4.2495242557731485,0.18531127328098285,53.61111918972063
2023-04-13,165.56,161.63,165.8,161.42,68445649.0,163.597,162.47947609863536,160.8605,160.453482641897,157.58633333333333,158.37184948870058,154.826,155.02689281189046,146.8509,151.59494523978086,,,161.1016666666667,63.26837166375844,2.9454402097775585,-0.2795876305480314,3.22502784032559,18.119681064256213,12.00763238135483,-11.786372007366474,92.754245962557,4.789999999999992,3.8667013416832674,-0.5132986583167565,158.3577078751577,162.63,166.9022921248423,5.254002490121497,0.8429072631717761,60.02242922256098
2023-04-14,165.21,164.59,166.32,163.82,49386480.0,163.882,162.97593498979256,161.3285,160.90648429504967,158.22966666666667,158.8130204894296,155.22160000000002,155.42623034867907,146.9958,151.86455028453767,,,162.77048148148148,62.388310149385205,2.9731886662864895,-0.20147133923128058,3.17466000551777,34.548912857353876,17.556197973870027,-15.009208103130689,104.2304588423924,2.8499999999999943,3.918601150014183,1.418601150014183,158.2419470879069,162.74,167.2380529120931,5.527900838261154,0.7745632441716456,60.37782834355648
2023-04-17,165.23,165.09,165.39,164.03,40713618.0,163.915,163.38576499164844,161.83999999999997,161.31824769552114,158.703,159.22701916753093,155.50979999999998,155.81069190363283,147.1352,152.1292126551409,,,164.68996296296294,62.42047816395233,2.9626418596620283,-0.16961451668459393,3.1322563763466222,51.039933963916006,34.56950929517536,-14.825046040515765,88.77323914529651,0.3299999999999841,2.584515271440722,1.2245152714407368,158.5684638627577,163.38000000000002,168.19153613724234,5.8899940473036025,0.6922462959054357,63.81187914610707
2023-04-18,166.47,166.1,167.41,165.65,49923008.0,163.945,163.94653499316692,162.29350000000002,161.80889077213817,159.1243333333333,159.6943082534967,155.7492,156.2287039858433,147.3198,152.4131886421678,,,166.26914814814813,64.45054674226077,3.0195337706011287,-0.09017808459639509,3.109711855197524,53.31069227705428,46.299846366108056,-11.662531017369693,119.41130199430681,0.30000000000001137,4.0810130898063335,2.3210130898063426,160.0061827898652,164.51399999999998,169.02181721013477,5.4801624301090355,0.7169564457496637,61.02032380551003
2023-04-19,167.63,165.8,168.16,165.54,47720166.0,164.145,164.6162559035002,162.71099999999998,162.36328212717262,159.65866666666668,160.20628836617433,156.0672,156.6758136334573,147.4943,152.7145116393526,,,167.4115185185185,66.28538846412137,3.122232176372762,0.01001625694019026,3.112215919432572,60.79632037145555,55.04898220414194,-6.324582338902163,120.67123748520088,2.0,4.216582648405421,1.5965826484054162,164.1682116751676,166.01999999999998,167.87178832483235,2.2308014996173595,0.9347149127170775,65.03888048254494
2023-04-20,166.65,166.09,167.87,165.56,52456377.0,164.434,164.98602755740924,163.152,162.7715409722038,160.118,160.6220116973889,156.3072,157.06695819685112,147.6501,152.99046190391988,,,167.8822962962963,63.312308435599576,3.0889362586568723,-0.018623728620560165,3.1075599872774324,62.50937543417683,58.87212936089555,-18.019093078758853,99.59903925675836,2.890000000000015,3.539927984347514,1.229927984347512,164.39754788163742,166.238,168.07845211836258,2.2142375610420935,0.6119290189321949,66.02795683839275
2023-04-21,165.02,165.05,166.4521,164.49,58337341.0,164.46999999999997,164.99220436515301,163.4565,162.985679927232,160.59900000000002,160.90575287820255,156.5692,157.37884218913146,147.8192,153.2286705790898,,,167.34362962962962,58.60402648914331,2.8976196706041435,-0.1679522533386315,3.065571923942775,51.27919920299042,58.19496500287426,-37.470167064438996,58.28744295890824,0.36000000000001364,2.0234668437264247,0.06136684372643231,164.27052338703334,166.2,168.12947661296664,2.3218731804652863,0.1942175945357332,65.48936559946362
2023-04-24,165.33,165.0,165.6,163.89,41949581.0,164.8,165.053621753307,163.7105,163.20894850559088,161.16,161.19118817638304,156.8584,157.6906522993616,148.03029999999998,153.46830086465235,150.48445,150.48445,166.39225925925928,59.22507603121019,2.739435794829433,-0.26090890329067395,3.0003446981201067,38.7629134576978,50.85049603162168,-33.77088305489243,43.52516630799183,3.3000000000000114,1.0426001517654697,-0.6673998482345382,164.32947626304633,166.22,168.11052373695367,2.274724746665465,0.264615491833468,60.385769718149234
