{
  "svm_AAPL_w7_o3": "DOWN",
  "svm_AAPL_w7_o7": "DOWN",
  "svm_AAPL_w14_o14": "DOWN",
  "random_forest_AAPL_w3_o3": "DOWN",
  "random_forest_AAPL_w7_o7": "UP",
  "random_forest_AAPL_w3_o14": "DOWN",
  "xgboost_AAPL_w3_o3": "DOWN",
  "xgboost_AAPL_w7_o7": "DOWN",
  "xgboost_AAPL_w3_o14": "DOWN",
  "svm_AMZN_w3_o3": "UP",
  "svm_AMZN_w14_o7": "DOWN",
  "svm_AMZN_w7_o14": "DOWN",
  "random_forest_AMZN_w3_o3": "UP",
  "random_forest_AMZN_w3_o7": "UP",
  "random_forest_AMZN_w7_o14": "UP",
  "xgboost_AMZN_w14_o3": "UP",
  "xgboost_AMZN_w14_o7": "UP",
  "xgboost_AMZN_w14_o14": "DOWN",
  "svm_GOOGL_w7_o3": "UP",
  "svm_GOOGL_w7_o7": "DOWN",
  "svm_GOOGL_w3_o14": "DOWN",
  "random_forest_GOOGL_w7_o3": "DOWN",
  "random_forest_GOOGL_w3_o7": "DOWN",
  "random_forest_GOOGL_w7_o14": "DOWN",
  "xgboost_GOOGL_w7_o3": "DOWN",
  "xgboost_GOOGL_w7_o7": "DOWN",
  "xgboost_GOOGL_w7_o14": "DOWN",
  "svm_MSFT_w3_o3": "DOWN",
  "svm_MSFT_w3_o7": "UP",
  "svm_MSFT_w3_o14": "UP",
  "random_forest_MSFT_w7_o3": "DOWN",
  "random_forest_MSFT_w3_o7": "DOWN",
  "random_forest_MSFT_w3_o14": "DOWN",
  "xgboost_MSFT_w7_o3": "DOWN",
  "xgboost_MSFT_w7_o7": "UP",
  "xgboost_MSFT_w3_o14": "DOWN",
  "svm_TSLA_w7_o3": "DOWN",
  "svm_TSLA_w14_o7": "DOWN",
  "svm_TSLA_w14_o14": "UP",
  "random_forest_TSLA_w7_o3": "UP",
  "random_forest_TSLA_w14_o7": "UP",
  "random_forest_TSLA_w7_o14": "DOWN",
  "xgboost_TSLA_w3_o3": "UP",
  "xgboost_TSLA_w14_o7": "UP",
  "xgboost_TSLA_w3_o14": "UP"
}
